frame,elapsed_time(s),neck_x,neck_y,neck_c,spine-hip_x,spine-hip_y,spine-hip_c,r-hip_x,r-hip_y,r-hip_c,r-knee_x,r-knee_y,r-knee_c,r-ankle_x,r-ankle_y,r-ankle_c,r-heel_x,r-heel_y,r-heel_c,r-bigtoe_x,r-bigtoe_y,r-bigtoe_c,r-smalltoe_x,r-smalltoe_y,r-smalltoe_c,l-hip_x,l-hip_y,l-hip_c,l-knee_x,l-knee_y,l-knee_c,l-ankle_x,l-ankle_y,l-ankle_c,l-heel_x,l-heel_y,l-heel_c,l-bigtoe_x,l-bigtoe_y,l-bigtoe_c,l-smalltoe_x,l-smalltoe_y,l-smalltoe_c
0,0,0.928563,0.295088,0.860136,0.916282,0.428715,0.753747,0.902562,0.425961,0.762404,0.902571,0.534976,0.829402,0.90095,0.635758,0.859624,0.904059,0.64394,0.677133,0.878015,0.646684,0.806194,0.878022,0.641256,0.788804,0.930057,0.434129,0.7039,0.925565,0.543113,0.811599,0.923951,0.649423,0.861552,0.926989,0.663144,0.855411,0.89638,0.663098,0.772777,0.904062,0.668471,0.719386
1,0.04,0.927042,0.295124,0.882983,0.9148,0.428756,0.762172,0.902548,0.426008,0.764917,0.90253,0.53493,0.842215,0.900959,0.63308,0.849577,0.904066,0.643863,0.701784,0.876535,0.646642,0.836472,0.87799,0.641237,0.805985,0.927071,0.436831,0.720238,0.925551,0.543101,0.81387,0.923951,0.649449,0.85889,0.927002,0.665655,0.853268,0.894857,0.663102,0.75988,0.902541,0.668501,0.712169
2,0.08,0.925549,0.295199,0.904962,0.91477,0.426002,0.777201,0.902507,0.423299,0.774621,0.902489,0.532339,0.847184,0.90096,0.633103,0.848129,0.904072,0.643883,0.69927,0.876536,0.646642,0.847499,0.877989,0.641238,0.819393,0.927054,0.428736,0.727145,0.925499,0.537722,0.83546,0.923964,0.649408,0.852846,0.927039,0.665627,0.827565,0.894876,0.663119,0.74351,0.904027,0.668518,0.697169
3,0.12,0.925487,0.295161,0.922367,0.913304,0.425964,0.785552,0.901034,0.42327,0.776249,0.901039,0.534863,0.850915,0.90095,0.633105,0.848561,0.904072,0.643876,0.706358,0.87652,0.644109,0.843094,0.877981,0.641231,0.814573,0.927,0.428681,0.739121,0.925437,0.540371,0.827068,0.923975,0.649369,0.84851,0.927053,0.663107,0.833765,0.89486,0.663112,0.742728,0.904022,0.668507,0.69032
4,0.16,0.924008,0.29517,0.926148,0.913181,0.426092,0.782965,0.900922,0.425951,0.774585,0.90095,0.534904,0.845534,0.900944,0.635713,0.836725,0.904058,0.643903,0.628231,0.876503,0.644095,0.845125,0.877986,0.641232,0.808452,0.925443,0.431409,0.753332,0.922405,0.537779,0.776723,0.923928,0.64665,0.8262,0.927048,0.663021,0.81913,0.894876,0.663084,0.695508,0.904033,0.668445,0.671032
5,0.2,0.923886,0.295221,0.907888,0.91169,0.4314,0.77327,0.899421,0.426095,0.763372,0.899495,0.535039,0.843095,0.899519,0.638432,0.842691,0.902544,0.644011,0.616862,0.87653,0.646648,0.852015,0.878005,0.64128,0.809907,0.923956,0.434178,0.756743,0.914824,0.545871,0.79617,0.922422,0.649459,0.809719,0.925554,0.663149,0.851653,0.893325,0.665634,0.756456,0.901038,0.668541,0.712545
6,0.24000000000000002,0.922377,0.295267,0.873907,0.91012,0.428706,0.741985,0.897907,0.426001,0.752438,0.89941,0.534935,0.848799,0.900913,0.638406,0.846103,0.902559,0.64397,0.617263,0.876516,0.64665,0.854182,0.878011,0.641289,0.806078,0.920906,0.431475,0.703412,0.911737,0.54045,0.851172,0.922381,0.646708,0.828188,0.925535,0.663014,0.838613,0.894856,0.665639,0.767331,0.902544,0.668497,0.721
7,0.28,0.916333,0.29529,0.847948,0.908609,0.42601,0.748668,0.896394,0.423336,0.751992,0.896376,0.535048,0.808687,0.900943,0.638399,0.833412,0.904047,0.643905,0.454606,0.877986,0.644106,0.856244,0.878053,0.641276,0.801397,0.919378,0.428737,0.704679,0.901042,0.54039,0.845786,0.916322,0.643935,0.829264,0.925431,0.657559,0.765655,0.893349,0.662958,0.742175,0.902493,0.665711,0.736077
8,0.32,0.91326,0.297931,0.899329,0.904077,0.42872,0.734665,0.893354,0.425976,0.737049,0.899421,0.535014,0.809466,0.900948,0.635752,0.808301,0.904049,0.643894,0.429289,0.876494,0.646643,0.841275,0.87802,0.641299,0.785912,0.916288,0.434169,0.70702,0.890308,0.535088,0.836155,0.914794,0.64117,0.814826,0.92397,0.646634,0.760098,0.893316,0.663086,0.701845,0.901017,0.665771,0.693342
9,0.36,0.911767,0.297978,0.904741,0.902496,0.428673,0.770589,0.891771,0.425942,0.761707,0.899404,0.532184,0.806706,0.90101,0.633008,0.794185,0.908648,0.643982,0.370697,0.874986,0.646708,0.822925,0.876509,0.641336,0.799601,0.913271,0.43146,0.740211,0.884136,0.535014,0.860381,0.91323,0.627576,0.799379,0.922425,0.638465,0.752705,0.891806,0.663059,0.58745,0.90099,0.663095,0.626001
10,0.39999999999999997,0.911634,0.298012,0.886773,0.901021,0.425925,0.805578,0.888813,0.423268,0.790478,0.897907,0.532184,0.798891,0.905549,0.627591,0.751976,0.914737,0.638464,0.412456,0.878004,0.643943,0.436174,0.878057,0.641167,0.42881,0.913239,0.426057,0.776073,0.876564,0.534924,0.886673,0.901025,0.630351,0.789502,0.911626,0.638485,0.713711,0.876533,0.646654,0.785461,0.88716,0.654852,0.74674
11,0.43999999999999995,0.904071,0.297962,0.84834,0.900923,0.426059,0.798863,0.888703,0.425942,0.803738,0.894873,0.534994,0.791921,0.900927,0.641157,0.811204,0.91017,0.64673,0.533072,0.873418,0.652103,0.360753,0.874909,0.64405,0.369237,0.911735,0.428775,0.758323,0.874876,0.532134,0.878897,0.896366,0.633081,0.751024,0.901034,0.643904,0.730113,0.871861,0.654836,0.69545,0.877999,0.660293,0.705156
12,0.4799999999999999,0.900961,0.297979,0.906014,0.897917,0.426073,0.777964,0.887146,0.42603,0.789212,0.893313,0.534963,0.797364,0.899503,0.641094,0.867908,0.904056,0.646682,0.803683,0.879553,0.662983,0.137745,0.882612,0.657539,0.0932935,0.910122,0.428699,0.739168,0.865816,0.529557,0.865732,0.884096,0.63841,0.773456,0.888796,0.644004,0.769856,0.859624,0.657587,0.779942,0.864302,0.662915,0.839474
13,0.5199999999999999,0.899375,0.300622,0.883831,0.893327,0.426022,0.785414,0.884119,0.425985,0.784036,0.888823,0.534917,0.854177,0.90094,0.638443,0.870139,0.905584,0.644108,0.785293,0.879549,0.646708,0.529529,0.884132,0.6413,0.462497,0.904031,0.426096,0.761559,0.864227,0.529531,0.895068,0.864309,0.641275,0.85782,0.871909,0.649462,0.800925,0.839782,0.65485,0.753862,0.848924,0.662903,0.858184
14,0.5599999999999999,0.890295,0.303369,0.847815,0.888765,0.428733,0.793556,0.878014,0.426108,0.779903,0.888783,0.537646,0.84668,0.900914,0.638515,0.857121,0.905572,0.646666,0.782124,0.874912,0.646757,0.844532,0.876493,0.64388,0.785488,0.900936,0.428798,0.767551,0.86265,0.53218,0.901414,0.850466,0.644,0.885526,0.853553,0.660238,0.787794,0.825985,0.646756,0.766446,0.83209,0.66024,0.800114
15,0.6,0.887218,0.306137,0.89611,0.887128,0.439539,0.78303,0.874966,0.436874,0.780073,0.88868,0.537659,0.84829,0.900921,0.638463,0.862298,0.907085,0.644102,0.781824,0.874886,0.646717,0.80662,0.876495,0.643887,0.783663,0.897876,0.439596,0.741788,0.858087,0.532288,0.859161,0.838131,0.644059,0.860171,0.839747,0.662971,0.819725,0.812165,0.644067,0.805254,0.816745,0.657568,0.805814
16,0.64,0.879575,0.308844,0.840126,0.879568,0.436846,0.757471,0.871892,0.43685,0.744544,0.887202,0.537672,0.832143,0.900947,0.638526,0.87017,0.908608,0.646658,0.757104,0.873439,0.646718,0.821209,0.876483,0.643928,0.824526,0.890248,0.436888,0.750584,0.851998,0.535058,0.884616,0.82586,0.643915,0.866832,0.825958,0.662947,0.806112,0.799887,0.641171,0.830353,0.802971,0.64669,0.849496
17,0.68,0.874984,0.314202,0.940885,0.876429,0.442316,0.821697,0.864281,0.442284,0.800135,0.885615,0.535037,0.808436,0.900919,0.635786,0.838951,0.907115,0.644005,0.769308,0.874906,0.646695,0.812319,0.876509,0.643917,0.799097,0.887193,0.442342,0.789971,0.848911,0.537721,0.833995,0.813702,0.643956,0.884717,0.815184,0.663007,0.809668,0.787672,0.63851,0.794495,0.790743,0.644017,0.831838
18,0.7200000000000001,0.867302,0.314292,0.887637,0.870323,0.44506,0.794622,0.861159,0.445046,0.793361,0.879544,0.540439,0.775036,0.899499,0.635826,0.842094,0.905593,0.644006,0.778825,0.873443,0.646736,0.785185,0.876484,0.643965,0.774555,0.878026,0.445115,0.792819,0.8397,0.540415,0.884503,0.806044,0.644044,0.825689,0.807571,0.663097,0.794006,0.779977,0.638488,0.805812,0.784619,0.64403,0.806836
19,0.7600000000000001,0.862698,0.317002,0.925927,0.862665,0.447864,0.814762,0.851943,0.447857,0.804264,0.876559,0.551273,0.791044,0.899436,0.630353,0.826042,0.904086,0.641252,0.796944,0.873437,0.649358,0.775762,0.876466,0.644011,0.765914,0.873366,0.447881,0.761826,0.829042,0.540483,0.838735,0.803003,0.649409,0.847539,0.806015,0.66574,0.821562,0.776915,0.64403,0.836256,0.781511,0.657614,0.798243
20,0.8000000000000002,0.853544,0.316961,0.893138,0.852057,0.447702,0.806893,0.844297,0.445119,0.775583,0.871899,0.540477,0.787846,0.897895,0.622301,0.838939,0.902537,0.635766,0.787653,0.874874,0.652106,0.78084,0.876459,0.644095,0.75133,0.862758,0.447792,0.790953,0.824398,0.537702,0.859468,0.80292,0.646713,0.867798,0.804559,0.665667,0.837152,0.773872,0.652109,0.78991,0.778514,0.662947,0.865683
21,0.8400000000000002,0.850364,0.314308,0.906794,0.845839,0.450467,0.769626,0.838153,0.447863,0.790021,0.862612,0.54311,0.831386,0.890261,0.622087,0.853628,0.8995,0.624979,0.736747,0.870372,0.649406,0.790583,0.874895,0.64403,0.775563,0.852043,0.453183,0.759438,0.813748,0.537721,0.901571,0.801463,0.64945,0.853578,0.804536,0.665752,0.831295,0.772356,0.660244,0.802284,0.778463,0.665662,0.884171
22,0.8800000000000002,0.83978,0.311583,0.898963,0.838232,0.447697,0.83692,0.828977,0.445045,0.802384,0.848866,0.548552,0.824247,0.884124,0.616589,0.828782,0.890253,0.614024,0.844359,0.8719,0.654859,0.877466,0.874881,0.64674,0.794681,0.848857,0.447813,0.765547,0.810652,0.537774,0.835312,0.801471,0.652128,0.858032,0.804531,0.665746,0.83269,0.773847,0.662861,0.80212,0.778521,0.665767,0.855735
23,0.9200000000000003,0.838111,0.308861,0.863898,0.830571,0.442307,0.762676,0.825898,0.439592,0.757252,0.832043,0.548627,0.825521,0.873355,0.600494,0.879404,0.878061,0.600377,0.866433,0.86578,0.652169,0.810226,0.865802,0.646641,0.769872,0.839688,0.444996,0.793528,0.806048,0.537729,0.840567,0.801462,0.652157,0.85723,0.804519,0.665781,0.846551,0.773833,0.662888,0.798293,0.778498,0.665802,0.849784
24,0.9600000000000003,0.827488,0.300637,0.877482,0.825898,0.434116,0.750777,0.81524,0.42872,0.767069,0.816733,0.545851,0.817225,0.859601,0.597744,0.871376,0.8658,0.597573,0.82408,0.853486,0.649368,0.760352,0.855035,0.643971,0.691751,0.832095,0.439613,0.697842,0.803039,0.537649,0.88933,0.801444,0.652096,0.8543,0.804508,0.665714,0.864479,0.773888,0.66288,0.809048,0.778531,0.665763,0.85285
25,1.0000000000000002,0.824421,0.297874,0.860732,0.819806,0.431486,0.731617,0.812158,0.428733,0.771626,0.802967,0.540456,0.807262,0.842815,0.600336,0.848619,0.852005,0.6003,0.883483,0.833591,0.643987,0.76851,0.832079,0.641116,0.71512,0.82754,0.439551,0.734125,0.80294,0.537699,0.868669,0.801415,0.649401,0.822493,0.804537,0.663054,0.779653,0.772311,0.662927,0.767941,0.778459,0.665817,0.812559
26,1.0400000000000003,0.815271,0.295187,0.892273,0.815193,0.431388,0.794565,0.80451,0.426102,0.786252,0.790678,0.535071,0.853563,0.826003,0.600421,0.894063,0.836681,0.600445,0.822017,0.815209,0.643922,0.608544,0.8152,0.638421,0.526133,0.825859,0.434186,0.748096,0.798354,0.537642,0.783451,0.801404,0.646701,0.819702,0.804514,0.662991,0.826748,0.773856,0.662877,0.763826,0.778498,0.665736,0.825805
27,1.0800000000000003,0.812143,0.29259,0.864689,0.809088,0.431484,0.767025,0.799899,0.428738,0.800681,0.776965,0.532265,0.906382,0.810649,0.603176,0.770759,0.818281,0.608504,0.664284,0.789149,0.635719,0.389303,0.789144,0.622236,0.360278,0.81826,0.436905,0.733479,0.799912,0.543104,0.787765,0.801439,0.646721,0.846128,0.806062,0.66292,0.798381,0.775373,0.660327,0.79844,0.779985,0.665808,0.816171
28,1.1200000000000003,0.802945,0.292485,0.923097,0.801484,0.426017,0.827961,0.790707,0.423325,0.84131,0.766159,0.526804,0.889245,0.787658,0.622139,0.829315,0.790752,0.630338,0.466115,0.766261,0.643944,0.860074,0.766235,0.638494,0.766817,0.813676,0.428762,0.766839,0.799878,0.543134,0.813358,0.801477,0.646753,0.847696,0.806074,0.663027,0.832192,0.775432,0.662957,0.818434,0.780051,0.66581,0.750257
29,1.1600000000000004,0.796874,0.292434,0.861675,0.796863,0.426,0.794163,0.787613,0.42331,0.78357,0.755481,0.524086,0.847665,0.764624,0.624871,0.846128,0.767734,0.641154,0.786514,0.741786,0.644041,0.825079,0.741774,0.641151,0.807475,0.806032,0.428735,0.754778,0.795322,0.537695,0.820913,0.801487,0.649361,0.852525,0.80757,0.663118,0.833731,0.775355,0.662963,0.805193,0.781559,0.6658,0.754369
30,1.2000000000000004,0.789213,0.292515,0.898509,0.789186,0.425999,0.820984,0.776998,0.423319,0.805817,0.750917,0.524072,0.839883,0.740208,0.638404,0.853626,0.743246,0.6467,0.849652,0.715686,0.641095,0.756446,0.717255,0.635708,0.698107,0.79994,0.428698,0.754867,0.792292,0.537784,0.816143,0.801482,0.649441,0.853201,0.807567,0.665681,0.836124,0.773878,0.66293,0.835994,0.780017,0.66579,0.814388
31,1.2400000000000004,0.780047,0.295099,0.862802,0.780043,0.434115,0.758387,0.769312,0.428725,0.73123,0.741746,0.532127,0.867839,0.717286,0.630367,0.818801,0.721784,0.646626,0.784352,0.694223,0.624834,0.726742,0.697287,0.622101,0.702333,0.792225,0.43691,0.744379,0.790793,0.548558,0.844239,0.801467,0.649428,0.864169,0.806076,0.665656,0.847461,0.775411,0.662878,0.829962,0.781563,0.665794,0.816225
32,1.2800000000000005,0.775397,0.295281,0.855108,0.776871,0.439575,0.773016,0.764686,0.434178,0.727383,0.738607,0.5322,0.824534,0.704911,0.627648,0.810125,0.704957,0.646696,0.741267,0.677365,0.619325,0.726465,0.678985,0.61662,0.712986,0.787635,0.442265,0.739611,0.790655,0.551207,0.865754,0.801459,0.646775,0.866127,0.806071,0.663092,0.844071,0.775392,0.660356,0.803219,0.781554,0.6658,0.813607
33,1.3200000000000005,0.766206,0.300616,0.847394,0.766258,0.436883,0.759613,0.757032,0.43148,0.685105,0.729456,0.529425,0.75209,0.692711,0.624896,0.783336,0.692702,0.644005,0.711788,0.666652,0.616712,0.74019,0.668236,0.613964,0.704615,0.776939,0.439645,0.753625,0.787626,0.551365,0.835356,0.801443,0.649373,0.855446,0.807543,0.663071,0.817705,0.775355,0.662956,0.834358,0.781504,0.665867,0.819613
34,1.3600000000000005,0.75555,0.303371,0.799732,0.75555,0.445005,0.778522,0.7463,0.442322,0.722528,0.717215,0.534968,0.844114,0.685084,0.638419,0.771657,0.688086,0.652116,0.734684,0.659035,0.622244,0.737184,0.665094,0.62208,0.728514,0.766274,0.445097,0.767871,0.778553,0.554007,0.860412,0.801385,0.649366,0.854695,0.806033,0.662977,0.822963,0.773855,0.663009,0.864625,0.780001,0.668446,0.833138
35,1.4000000000000006,0.749334,0.30613,0.785786,0.749381,0.442295,0.730413,0.740146,0.439591,0.674965,0.708061,0.534917,0.745112,0.680501,0.641252,0.792087,0.68205,0.660229,0.673392,0.654415,0.641234,0.791174,0.655952,0.638487,0.752004,0.755549,0.442345,0.723397,0.772318,0.548565,0.745395,0.79986,0.643951,0.803112,0.804563,0.654882,0.730036,0.772313,0.663026,0.809267,0.778538,0.665864,0.790782
36,1.4400000000000006,0.740129,0.303343,0.830731,0.738612,0.444941,0.786037,0.726421,0.44227,0.745469,0.700343,0.535051,0.820289,0.678973,0.641301,0.886785,0.681988,0.660251,0.790601,0.652893,0.649381,0.759524,0.654408,0.643912,0.811455,0.749348,0.445036,0.741908,0.763128,0.548617,0.815782,0.796826,0.641252,0.827974,0.803038,0.644066,0.796671,0.769276,0.665724,0.796781,0.778531,0.668499,0.755702
37,1.4800000000000006,0.729466,0.297874,0.848429,0.727921,0.439577,0.776566,0.71717,0.434163,0.766785,0.691212,0.535024,0.869823,0.678937,0.643857,0.874642,0.682007,0.660272,0.777734,0.65288,0.657528,0.771579,0.65438,0.6467,0.772269,0.738661,0.442285,0.737539,0.74784,0.551296,0.833048,0.79066,0.633085,0.850267,0.801362,0.638518,0.829811,0.767772,0.665783,0.823552,0.778462,0.665807,0.821124
38,1.5200000000000007,0.720269,0.295204,0.836868,0.71872,0.434161,0.78593,0.709542,0.428794,0.763996,0.685039,0.535034,0.83164,0.678888,0.643872,0.890083,0.681968,0.660274,0.82016,0.652862,0.660252,0.783953,0.65435,0.6494,0.748435,0.729419,0.436903,0.796326,0.73251,0.553982,0.867699,0.78003,0.622282,0.860061,0.7907,0.622257,0.831763,0.766202,0.665747,0.850056,0.776864,0.663072,0.844387
39,1.5600000000000007,0.714171,0.295086,0.850709,0.709581,0.439543,0.755382,0.701919,0.431481,0.771633,0.680428,0.537738,0.869592,0.678858,0.643953,0.871353,0.68054,0.660312,0.841733,0.652859,0.662892,0.800213,0.654364,0.652176,0.735086,0.718732,0.442293,0.778365,0.718715,0.554079,0.900966,0.766253,0.619385,0.861115,0.776951,0.616691,0.786794,0.758557,0.662922,0.746561,0.766273,0.654831,0.73341
40,1.6000000000000008,0.704998,0.292385,0.865958,0.703381,0.426094,0.787517,0.692738,0.426013,0.797171,0.678891,0.5349,0.864531,0.67742,0.643954,0.845656,0.680507,0.660258,0.836215,0.652865,0.660339,0.787668,0.654388,0.652158,0.727533,0.709541,0.428781,0.73119,0.703461,0.551245,0.85409,0.752439,0.61665,0.828587,0.763129,0.611298,0.726513,0.740229,0.663069,0.780728,0.750914,0.65762,0.73539
41,1.6400000000000008,0.697317,0.289767,0.81738,0.692744,0.428683,0.785589,0.686565,0.426002,0.749218,0.678917,0.537774,0.77029,0.677409,0.643964,0.695253,0.680475,0.660237,0.604789,0.652922,0.660268,0.591601,0.65437,0.654815,0.540661,0.703361,0.428797,0.762406,0.681966,0.540476,0.763354,0.734055,0.619444,0.601692,0.741726,0.619412,0.646243,0.720277,0.665814,0.618426,0.727916,0.663076,0.601288
42,1.6800000000000008,0.691207,0.289708,0.867318,0.686569,0.425904,0.738892,0.678931,0.42323,0.777697,0.669729,0.537644,0.832913,0.677342,0.641332,0.842268,0.680513,0.654809,0.812478,0.651385,0.662898,0.80685,0.654407,0.654856,0.73104,0.692743,0.428664,0.764197,0.675849,0.535073,0.81551,0.715676,0.622237,0.864259,0.726365,0.624913,0.718456,0.694219,0.665677,0.841987,0.703433,0.663121,0.810478
43,1.7200000000000009,0.68203,0.284335,0.813616,0.678966,0.423255,0.798719,0.672776,0.423169,0.728418,0.67125,0.535045,0.772131,0.685068,0.641122,0.699724,0.70035,0.64404,0.402148,0.65445,0.652164,0.454062,0.655939,0.646668,0.418288,0.68503,0.425928,0.741445,0.663595,0.534947,0.835934,0.680522,0.643878,0.758922,0.69118,0.652109,0.664177,0.654441,0.660214,0.657804,0.662074,0.665653,0.600736
44,1.760000000000001,0.677379,0.284271,0.801791,0.671297,0.423208,0.741432,0.666725,0.420556,0.746528,0.668264,0.534975,0.817657,0.677425,0.644021,0.804646,0.683528,0.660296,0.558155,0.649841,0.665725,0.356235,0.649823,0.662983,0.32322,0.67892,0.423333,0.767012,0.652911,0.5323,0.85776,0.668271,0.643905,0.777058,0.678854,0.654817,0.638825,0.643773,0.665756,0.75594,0.654415,0.66855,0.708612
45,1.800000000000001,0.668193,0.289684,0.865211,0.666668,0.426041,0.783682,0.660562,0.425966,0.703009,0.668146,0.537771,0.848038,0.677337,0.643958,0.841781,0.680481,0.660244,0.823649,0.654419,0.663077,0.324525,0.654446,0.657534,0.193852,0.669726,0.428719,0.738563,0.640619,0.532256,0.845239,0.643734,0.646687,0.818923,0.651343,0.662888,0.697057,0.619242,0.665793,0.811904,0.629856,0.671161,0.836747
46,1.840000000000001,0.659036,0.292348,0.831073,0.657536,0.42595,0.762189,0.655916,0.425899,0.752448,0.666603,0.535043,0.839938,0.677399,0.643928,0.853641,0.680555,0.660209,0.801206,0.649852,0.662956,0.83507,0.654379,0.657537,0.73073,0.66364,0.426034,0.741558,0.629992,0.532254,0.891235,0.619211,0.660229,0.843257,0.625327,0.66849,0.762994,0.594641,0.662968,0.835123,0.602319,0.668463,0.833975
47,1.880000000000001,0.652867,0.292583,0.858051,0.649857,0.431486,0.727549,0.643715,0.428783,0.732909,0.659032,0.540413,0.785534,0.677405,0.643924,0.847693,0.681963,0.657601,0.778334,0.651375,0.66296,0.831877,0.65444,0.657599,0.768161,0.654473,0.436865,0.740851,0.620779,0.537718,0.827509,0.596218,0.652163,0.807154,0.597768,0.665814,0.759357,0.570236,0.646627,0.775306,0.577867,0.6603,0.787432
48,1.920000000000001,0.643692,0.295263,0.85792,0.64368,0.434148,0.766173,0.640616,0.434113,0.689853,0.655985,0.545831,0.817069,0.677393,0.64385,0.841268,0.681967,0.654882,0.771481,0.651376,0.663001,0.8243,0.654426,0.660209,0.76839,0.648281,0.436885,0.700739,0.617669,0.537724,0.806229,0.580967,0.643919,0.867625,0.580957,0.662912,0.753573,0.556458,0.638547,0.812503,0.5595,0.644022,0.800012
49,1.960000000000001,0.63304,0.297942,0.811529,0.632981,0.439592,0.745025,0.629974,0.436883,0.712904,0.652862,0.548546,0.810574,0.677348,0.641309,0.834581,0.680552,0.65215,0.7903,0.651354,0.662987,0.83647,0.654421,0.66021,0.781006,0.637594,0.442314,0.723253,0.605481,0.545881,0.811473,0.570193,0.644024,0.856467,0.570186,0.663086,0.774055,0.544185,0.635758,0.764841,0.545761,0.643868,0.820359
50,2.000000000000001,0.625324,0.300676,0.77856,0.623784,0.439637,0.710731,0.620725,0.436905,0.681497,0.643735,0.545847,0.823117,0.674323,0.641176,0.806683,0.680499,0.646732,0.779979,0.651364,0.663029,0.847919,0.65442,0.660257,0.777631,0.626866,0.442366,0.71723,0.593231,0.543149,0.841546,0.565602,0.649461,0.794417,0.56716,0.665877,0.756093,0.535016,0.641201,0.847812,0.541119,0.649415,0.808629
51,2.040000000000001,0.617632,0.303342,0.795364,0.61461,0.439636,0.721565,0.613087,0.439551,0.64035,0.634529,0.543151,0.788439,0.669739,0.635736,0.804117,0.678962,0.641294,0.770161,0.649811,0.665658,0.853648,0.654355,0.662929,0.769669,0.616099,0.442358,0.726434,0.582537,0.537739,0.847216,0.559511,0.649441,0.808921,0.565588,0.665836,0.759102,0.531909,0.649417,0.789347,0.536513,0.662932,0.822883
52,2.080000000000001,0.606941,0.297879,0.818023,0.603917,0.436917,0.73386,0.602377,0.436835,0.652909,0.622304,0.545901,0.798042,0.665176,0.627564,0.819983,0.672782,0.633087,0.758169,0.643754,0.663086,0.842109,0.646777,0.660286,0.718488,0.605398,0.442269,0.742504,0.574766,0.537646,0.829217,0.557916,0.654848,0.831793,0.561028,0.668466,0.739953,0.531841,0.66023,0.782179,0.535007,0.665704,0.838531
53,2.120000000000001,0.596252,0.295231,0.812231,0.594685,0.436847,0.745552,0.594647,0.43417,0.653152,0.606969,0.548552,0.85254,0.65448,0.619325,0.894722,0.666627,0.619324,0.834411,0.643679,0.665732,0.836073,0.645233,0.662961,0.740001,0.594729,0.439598,0.725658,0.56862,0.535003,0.86801,0.556446,0.657527,0.835492,0.559535,0.668431,0.741616,0.528872,0.663017,0.808298,0.533484,0.668453,0.822134
54,2.160000000000001,0.590124,0.295178,0.762537,0.584007,0.436896,0.726063,0.584021,0.434195,0.644119,0.593135,0.548566,0.850861,0.642133,0.611212,0.835409,0.652852,0.605766,0.798711,0.636054,0.665687,0.768893,0.639124,0.662966,0.695866,0.584001,0.442257,0.745655,0.560997,0.534986,0.828739,0.556486,0.654835,0.84485,0.561052,0.665836,0.771901,0.528863,0.663097,0.82909,0.533516,0.668515,0.823407
55,2.200000000000001,0.580926,0.292457,0.791907,0.57933,0.428772,0.70975,0.573253,0.428733,0.648092,0.574769,0.54583,0.763496,0.625321,0.603067,0.807703,0.634496,0.600429,0.800817,0.617713,0.660212,0.773328,0.619165,0.649469,0.701992,0.580888,0.434117,0.765972,0.557978,0.537689,0.84511,0.556478,0.654852,0.845518,0.56105,0.665782,0.804128,0.528845,0.665647,0.815004,0.533504,0.671153,0.801021
56,2.240000000000001,0.570279,0.286995,0.72574,0.571703,0.423353,0.737491,0.57171,0.423243,0.608876,0.561034,0.535042,0.813184,0.606929,0.605857,0.844063,0.617643,0.608514,0.792432,0.594759,0.652117,0.789729,0.597758,0.644064,0.725307,0.571706,0.426054,0.773145,0.556418,0.537655,0.853397,0.55645,0.654862,0.852991,0.561033,0.665685,0.823331,0.530365,0.663136,0.833338,0.535006,0.668547,0.813527
57,2.280000000000001,0.564081,0.281535,0.660458,0.564058,0.423192,0.671934,0.559488,0.42052,0.602518,0.545687,0.532346,0.824073,0.583998,0.614029,0.808664,0.594666,0.619364,0.78394,0.570258,0.64665,0.624245,0.571724,0.641213,0.548474,0.567132,0.423341,0.744588,0.550288,0.534945,0.775833,0.556453,0.649375,0.831849,0.56252,0.663014,0.839109,0.530361,0.663129,0.820803,0.535022,0.668518,0.81354
58,2.320000000000001,0.556453,0.278811,0.750318,0.556472,0.423257,0.739752,0.554866,0.423166,0.623875,0.531974,0.529521,0.845866,0.565582,0.619434,0.809031,0.571759,0.622126,0.673833,0.542605,0.641263,0.280728,0.538047,0.641098,0.237801,0.558026,0.425925,0.776801,0.548784,0.53506,0.784473,0.556455,0.646772,0.85472,0.562542,0.662887,0.819316,0.530368,0.665641,0.869272,0.535025,0.671158,0.803257
59,2.360000000000001,0.547248,0.281566,0.713365,0.547216,0.426006,0.756227,0.544159,0.425912,0.698993,0.521182,0.521384,0.85276,0.538016,0.6249,0.756455,0.544112,0.638513,0.454277,0.518136,0.643942,0.840404,0.519616,0.641098,0.73841,0.553356,0.428685,0.737215,0.5472,0.537724,0.828324,0.556424,0.646676,0.855837,0.562559,0.662998,0.820602,0.527323,0.663057,0.843511,0.533513,0.668534,0.784535
60,2.4000000000000012,0.542612,0.281591,0.693067,0.542595,0.423328,0.747391,0.533515,0.423261,0.719271,0.509022,0.521373,0.855528,0.513566,0.630353,0.786907,0.519698,0.643988,0.831159,0.492086,0.641268,0.833828,0.495089,0.638457,0.782047,0.545695,0.42601,0.774707,0.54568,0.537678,0.874155,0.557881,0.646756,0.873942,0.564081,0.663049,0.856311,0.531853,0.665726,0.851212,0.539582,0.671202,0.756762
61,2.4400000000000013,0.533409,0.281607,0.725306,0.533465,0.425937,0.721896,0.533396,0.425891,0.66633,0.504369,0.521327,0.758123,0.490556,0.630367,0.67812,0.493654,0.644092,0.703637,0.462979,0.624985,0.729851,0.467586,0.622275,0.681921,0.533505,0.42598,0.739687,0.544169,0.540401,0.655362,0.556475,0.649401,0.769129,0.562578,0.662977,0.701133,0.528824,0.665685,0.795246,0.533507,0.671216,0.741869
62,2.4800000000000013,0.521186,0.287039,0.72189,0.524268,0.428678,0.728441,0.521135,0.428663,0.718561,0.495225,0.53215,0.880101,0.470697,0.627665,0.818896,0.47218,0.644099,0.796624,0.446113,0.622045,0.761646,0.447692,0.61941,0.741993,0.531861,0.428747,0.761339,0.542588,0.548525,0.799627,0.556481,0.649376,0.866801,0.56409,0.663041,0.826942,0.53034,0.665724,0.828768,0.538015,0.671232,0.759884
63,2.5200000000000014,0.518091,0.292419,0.721975,0.519635,0.436837,0.703312,0.513554,0.436843,0.604876,0.487481,0.534876,0.781395,0.458353,0.624919,0.804897,0.458339,0.644007,0.740124,0.432328,0.616723,0.700631,0.433928,0.61401,0.689503,0.521224,0.436866,0.713549,0.535037,0.55127,0.791768,0.556479,0.649427,0.858338,0.565584,0.662983,0.831797,0.530355,0.66576,0.845472,0.536532,0.671269,0.768505
64,2.5600000000000014,0.507455,0.29518,0.779506,0.509011,0.442287,0.692475,0.508944,0.442264,0.597016,0.479864,0.534959,0.731007,0.447648,0.630342,0.770478,0.447656,0.646753,0.722924,0.421633,0.619306,0.723347,0.423213,0.616631,0.682599,0.510489,0.442348,0.700771,0.533382,0.553928,0.771896,0.556418,0.649361,0.798333,0.56406,0.662917,0.736172,0.52886,0.665689,0.816082,0.533522,0.671165,0.772522
65,2.6000000000000014,0.496725,0.295254,0.76449,0.499737,0.439554,0.703248,0.501273,0.434185,0.622364,0.524237,0.551245,0.586926,0.556341,0.646642,0.615679,0.562573,0.66021,0.448103,0.525773,0.665749,0.616401,0.52887,0.663056,0.55846,0.498241,0.442266,0.703593,0.469137,0.534999,0.598512,0.444572,0.641131,0.507179,0.444563,0.64948,0.511666,0.414017,0.622298,0.531139,0.420131,0.638499,0.533885
66,2.6400000000000015,0.49207,0.295197,0.753356,0.489026,0.44231,0.693985,0.484495,0.442307,0.643628,0.458436,0.535059,0.886722,0.435514,0.643941,0.865496,0.441533,0.662936,0.748037,0.410911,0.643865,0.855721,0.412497,0.641131,0.800194,0.493574,0.444988,0.703422,0.519637,0.553887,0.823942,0.553342,0.643984,0.823937,0.55952,0.652176,0.796013,0.527316,0.665911,0.804768,0.536491,0.671246,0.754884
67,2.6800000000000015,0.482824,0.29514,0.828888,0.48134,0.436865,0.70006,0.476769,0.434187,0.632433,0.447743,0.535002,0.875984,0.435371,0.643852,0.873575,0.437033,0.660224,0.739713,0.407861,0.652185,0.757029,0.409407,0.646639,0.767357,0.482914,0.439599,0.73054,0.505893,0.548615,0.8041,0.547234,0.641209,0.826404,0.55795,0.643983,0.836491,0.524271,0.671168,0.746396,0.533502,0.673958,0.732295
68,2.7200000000000015,0.470688,0.295235,0.838535,0.470665,0.431392,0.721878,0.470659,0.428738,0.641424,0.443113,0.532116,0.797523,0.433949,0.643894,0.82844,0.436997,0.660277,0.727338,0.407841,0.660203,0.734308,0.409404,0.652089,0.694141,0.470684,0.431485,0.727484,0.490564,0.551271,0.717649,0.538067,0.627577,0.763316,0.547253,0.627636,0.758969,0.522762,0.668461,0.78169,0.533385,0.665803,0.812838
69,2.7600000000000016,0.460016,0.292468,0.802222,0.460022,0.426041,0.72744,0.4676,0.425936,0.656363,0.473772,0.554045,0.665279,0.525768,0.619462,0.720392,0.536497,0.619372,0.680589,0.52114,0.676641,0.713207,0.522732,0.668513,0.649096,0.458406,0.428723,0.722666,0.435389,0.534941,0.61925,0.433831,0.644008,0.665562,0.435505,0.657608,0.621248,0.404804,0.660203,0.655361,0.409466,0.66312,0.730409
70,2.8000000000000016,0.455369,0.289788,0.771837,0.453828,0.42597,0.707738,0.456869,0.423278,0.652595,0.433824,0.532228,0.771889,0.433874,0.643949,0.781979,0.436998,0.66021,0.677796,0.407864,0.662996,0.73803,0.409335,0.66022,0.667625,0.450772,0.428701,0.707995,0.456896,0.551328,0.678575,0.510532,0.616756,0.717176,0.521266,0.613904,0.665084,0.505905,0.665844,0.721917,0.508961,0.663056,0.717254
71,2.8400000000000016,0.446145,0.281554,0.699758,0.446194,0.423255,0.755488,0.447732,0.423212,0.654724,0.430867,0.537695,0.758478,0.432391,0.644008,0.805661,0.4355,0.660261,0.768654,0.406333,0.662939,0.771524,0.409366,0.657593,0.705564,0.446075,0.425894,0.738117,0.433937,0.537743,0.734048,0.495193,0.619459,0.839297,0.507344,0.616718,0.757361,0.482957,0.66579,0.785408,0.49207,0.662998,0.726368
72,2.8800000000000017,0.438514,0.281559,0.721554,0.438531,0.423198,0.734763,0.444599,0.420475,0.65052,0.424717,0.540394,0.80023,0.432344,0.643982,0.828965,0.435499,0.660211,0.839031,0.404795,0.66296,0.817526,0.409349,0.657583,0.72928,0.435498,0.425926,0.760559,0.424734,0.54583,0.792413,0.47676,0.622097,0.832807,0.485957,0.62207,0.823268,0.46,0.668501,0.799304,0.470586,0.665781,0.803496
73,2.9200000000000017,0.433816,0.278828,0.765548,0.433874,0.420567,0.77382,0.435468,0.42048,0.653702,0.421591,0.53495,0.772014,0.432374,0.641252,0.853194,0.435505,0.652184,0.675314,0.40632,0.662886,0.866838,0.409379,0.654876,0.765657,0.430835,0.42325,0.750375,0.412458,0.535094,0.811611,0.456843,0.624971,0.802642,0.464541,0.635746,0.727261,0.438507,0.665734,0.72886,0.446117,0.665681,0.777807
74,2.9600000000000017,0.423208,0.276087,0.825108,0.424738,0.420482,0.748167,0.433865,0.41509,0.70712,0.423239,0.534969,0.849237,0.433941,0.64122,0.785012,0.444647,0.64678,0.48155,0.40789,0.662965,0.428738,0.409461,0.657594,0.39202,0.421605,0.42322,0.775789,0.398756,0.534892,0.876852,0.432393,0.638516,0.768809,0.438519,0.646653,0.655557,0.409403,0.663124,0.750747,0.415537,0.665817,0.688119
75,3.0000000000000018,0.415556,0.276194,0.729717,0.42009,0.423208,0.73869,0.423194,0.420542,0.672982,0.421638,0.537674,0.79649,0.432365,0.643965,0.815502,0.436969,0.660222,0.719325,0.397117,0.665725,0.121838,0.397136,0.660266,0.105246,0.412467,0.425907,0.725585,0.387953,0.532217,0.842369,0.415546,0.644045,0.76881,0.423246,0.660246,0.686363,0.386432,0.671164,0.739923,0.394092,0.676638,0.695435
76,3.040000000000002,0.409425,0.276191,0.832219,0.410983,0.420517,0.753884,0.420135,0.415122,0.695276,0.421588,0.535052,0.845927,0.432388,0.644024,0.844045,0.435521,0.660336,0.835694,0.407873,0.662907,0.729204,0.410931,0.654899,0.588789,0.407823,0.423249,0.739141,0.38029,0.532307,0.841263,0.38638,0.649447,0.830364,0.394061,0.663072,0.801901,0.360425,0.665764,0.826128,0.369559,0.668585,0.836192
77,3.080000000000002,0.400201,0.278919,0.791808,0.406347,0.420526,0.766633,0.411006,0.417772,0.705404,0.415505,0.535096,0.809035,0.432404,0.64393,0.855121,0.435529,0.660226,0.810669,0.404822,0.660341,0.791309,0.409437,0.657506,0.717228,0.398638,0.423252,0.783062,0.37266,0.534885,0.907889,0.362015,0.652106,0.816771,0.369612,0.665772,0.802648,0.337378,0.660227,0.761407,0.345062,0.665724,0.813388
78,3.120000000000002,0.395557,0.289655,0.795168,0.397181,0.425914,0.791059,0.404798,0.42324,0.701566,0.410984,0.53775,0.841567,0.43239,0.64388,0.854146,0.435516,0.66021,0.812651,0.406337,0.660334,0.780361,0.40945,0.654894,0.712311,0.389506,0.426065,0.719966,0.364998,0.537655,0.822151,0.345103,0.644096,0.827115,0.348129,0.66309,0.813912,0.31902,0.641294,0.803847,0.323677,0.649468,0.799067
79,3.160000000000002,0.384924,0.292378,0.869435,0.389478,0.426093,0.725773,0.394053,0.425888,0.630052,0.360432,0.535062,0.569266,0.332851,0.643846,0.571174,0.334335,0.662925,0.451209,0.300669,0.635787,0.586582,0.302241,0.633017,0.530028,0.386492,0.431464,0.737176,0.409329,0.540458,0.601506,0.432311,0.643999,0.610686,0.435453,0.657589,0.618623,0.4048,0.660273,0.620383,0.409431,0.665668,0.648927
80,3.200000000000002,0.374252,0.292546,0.86679,0.384821,0.428668,0.789287,0.389515,0.425937,0.728989,0.400232,0.54048,0.801325,0.432323,0.643906,0.823276,0.435514,0.657538,0.799576,0.403307,0.662914,0.777421,0.409364,0.657552,0.710759,0.374189,0.431475,0.744289,0.349702,0.537692,0.858675,0.323576,0.64133,0.871578,0.323638,0.662917,0.802193,0.291513,0.624963,0.744977,0.2991,0.641178,0.838917
81,3.240000000000002,0.368024,0.295267,0.814183,0.372698,0.428738,0.787958,0.381856,0.425992,0.731389,0.397068,0.540395,0.838222,0.430821,0.643855,0.808967,0.435528,0.654822,0.799559,0.403301,0.662955,0.82214,0.409347,0.6576,0.740189,0.363464,0.434198,0.710533,0.338949,0.540481,0.822821,0.320565,0.644049,0.819715,0.323596,0.66567,0.825122,0.288431,0.6411,0.813579,0.293045,0.646689,0.771393
82,3.280000000000002,0.358897,0.295313,0.845336,0.361993,0.42877,0.778707,0.3726,0.425977,0.756208,0.386434,0.537753,0.853468,0.424721,0.638446,0.792959,0.435385,0.64397,0.774344,0.401746,0.663081,0.831076,0.407829,0.660343,0.723038,0.35731,0.436905,0.715127,0.334337,0.537745,0.820687,0.31298,0.644081,0.856306,0.319053,0.663104,0.78909,0.285374,0.644017,0.839667,0.288479,0.657522,0.819096
83,3.320000000000002,0.349625,0.295271,0.894048,0.35274,0.42607,0.761954,0.361929,0.423309,0.778433,0.374179,0.537733,0.883199,0.420145,0.627594,0.81296,0.426261,0.638474,0.778588,0.400194,0.663055,0.818588,0.403291,0.660314,0.6889,0.346563,0.431478,0.712354,0.323664,0.537668,0.879642,0.31146,0.646759,0.848017,0.317504,0.665642,0.785185,0.285319,0.65486,0.762516,0.288429,0.662997,0.867821
84,3.360000000000002,0.338966,0.295154,0.885228,0.345056,0.425952,0.755825,0.3512,0.423218,0.756776,0.360419,0.543155,0.863179,0.410872,0.619423,0.874706,0.421628,0.622069,0.814303,0.398713,0.663127,0.828274,0.401756,0.662904,0.722641,0.335878,0.428737,0.723583,0.3145,0.540464,0.791478,0.311423,0.649398,0.841223,0.315999,0.665664,0.766672,0.283791,0.660248,0.763267,0.288375,0.665675,0.855529
85,3.400000000000002,0.332834,0.292492,0.878189,0.335877,0.426048,0.770057,0.34356,0.425886,0.702543,0.348138,0.54581,0.835035,0.397217,0.605843,0.828343,0.409368,0.603143,0.792179,0.397087,0.663111,0.760666,0.397147,0.662921,0.696446,0.325256,0.431415,0.724274,0.311435,0.540452,0.766361,0.311395,0.64944,0.800061,0.316014,0.663119,0.77574,0.285326,0.660339,0.768852,0.288451,0.665727,0.829363
86,3.440000000000002,0.32367,0.292332,0.892677,0.326739,0.423299,0.709773,0.334344,0.4232,0.631024,0.309867,0.535054,0.754943,0.31144,0.649417,0.772502,0.317543,0.663074,0.717457,0.285324,0.663106,0.734436,0.286867,0.662896,0.687039,0.325139,0.42595,0.722255,0.329765,0.535091,0.732168,0.384936,0.600419,0.809318,0.397126,0.597735,0.743835,0.377273,0.654865,0.698849,0.38639,0.644045,0.712477
87,3.480000000000002,0.314487,0.289724,0.84873,0.3236,0.420531,0.733,0.329749,0.420465,0.635705,0.314444,0.534891,0.80055,0.371078,0.603046,0.661765,0.377281,0.600447,0.602755,0.360347,0.65485,0.604747,0.361876,0.646723,0.563671,0.314476,0.423195,0.70702,0.308315,0.53507,0.738129,0.311389,0.652109,0.557543,0.314507,0.663032,0.578368,0.282315,0.662919,0.587427,0.288376,0.66584,0.585513
88,3.5200000000000022,0.311366,0.287057,0.877173,0.316027,0.412385,0.704611,0.325167,0.412391,0.696084,0.309816,0.532262,0.843678,0.349734,0.608523,0.831876,0.360454,0.611305,0.802065,0.33589,0.649412,0.784091,0.337422,0.64394,0.688539,0.311347,0.41506,0.732331,0.300739,0.53501,0.846817,0.311387,0.649432,0.833792,0.317515,0.663064,0.833843,0.285315,0.662876,0.786321,0.289929,0.665785,0.842448
89,3.5600000000000023,0.30069,0.2843,0.861553,0.31134,0.409624,0.750196,0.319066,0.409607,0.673082,0.296092,0.52676,0.764849,0.335835,0.619371,0.862598,0.34051,0.622178,0.79314,0.322107,0.643963,0.301619,0.3236,0.638449,0.224218,0.300709,0.412339,0.753181,0.299109,0.532264,0.812791,0.311384,0.646628,0.850572,0.314508,0.662891,0.762045,0.285344,0.662978,0.836217,0.289975,0.665854,0.839935
90,3.6000000000000023,0.296102,0.281605,0.827945,0.300743,0.412386,0.732367,0.311393,0.409671,0.716882,0.297609,0.526799,0.740168,0.31294,0.630332,0.75691,0.323684,0.6413,0.489033,0.286876,0.646779,0.387326,0.288412,0.644018,0.34693,0.296048,0.415084,0.702833,0.286873,0.524076,0.764198,0.311388,0.643893,0.778571,0.317541,0.657525,0.676805,0.285346,0.660351,0.73886,0.289978,0.665713,0.722248
91,3.6400000000000023,0.288355,0.284245,0.87373,0.297575,0.415116,0.718502,0.303718,0.412379,0.66142,0.276178,0.515967,0.816694,0.291509,0.624902,0.754751,0.299073,0.641113,0.361772,0.271594,0.64127,0.842402,0.274573,0.638427,0.710091,0.288382,0.420448,0.733399,0.294567,0.532145,0.689614,0.311332,0.644018,0.843142,0.31755,0.662876,0.804638,0.280782,0.66293,0.833649,0.288449,0.665828,0.785076
92,3.6800000000000024,0.279226,0.284327,0.821434,0.288438,0.417823,0.745159,0.297623,0.415044,0.677252,0.268503,0.52132,0.787125,0.270022,0.624972,0.77906,0.274626,0.641303,0.84418,0.248581,0.635753,0.783444,0.250185,0.627608,0.738813,0.28379,0.42053,0.692053,0.29153,0.534963,0.80402,0.311438,0.646648,0.871663,0.320583,0.662938,0.864938,0.285352,0.665651,0.873271,0.291509,0.66853,0.789326
93,3.7200000000000024,0.27461,0.28964,0.892737,0.283792,0.420504,0.712179,0.289931,0.415105,0.677379,0.262458,0.524046,0.838172,0.250178,0.624926,0.841372,0.251724,0.641339,0.879414,0.225693,0.622229,0.788195,0.228726,0.622047,0.720467,0.27467,0.423229,0.721544,0.289942,0.535051,0.803572,0.311421,0.646731,0.868077,0.31907,0.663018,0.84511,0.283811,0.663008,0.845386,0.289932,0.665889,0.809966
94,3.7600000000000025,0.265463,0.292361,0.886356,0.276127,0.423267,0.750942,0.285347,0.420545,0.681863,0.25627,0.526745,0.760628,0.236361,0.624866,0.830653,0.237878,0.643937,0.856444,0.210325,0.616731,0.755292,0.213419,0.616596,0.720294,0.26701,0.425941,0.703774,0.288402,0.540372,0.825777,0.311416,0.646735,0.871881,0.320553,0.663015,0.841028,0.283829,0.662979,0.853832,0.289972,0.665894,0.797659
95,3.8000000000000025,0.260885,0.295134,0.915872,0.266987,0.426066,0.702334,0.276127,0.423331,0.705043,0.250058,0.532274,0.804097,0.225578,0.624928,0.841353,0.225657,0.643974,0.815973,0.198052,0.613997,0.74047,0.201149,0.611281,0.71339,0.26233,0.431453,0.688875,0.28538,0.548613,0.799197,0.311408,0.646767,0.861069,0.319062,0.662995,0.839144,0.285366,0.66303,0.847952,0.291513,0.668423,0.792329
96,3.8400000000000025,0.251679,0.295275,0.922687,0.262354,0.431475,0.718537,0.270038,0.428692,0.649772,0.239378,0.532309,0.853556,0.216452,0.633063,0.801565,0.219531,0.64669,0.771225,0.190445,0.619506,0.817383,0.19499,0.619398,0.732509,0.253203,0.439542,0.692868,0.279235,0.551217,0.791322,0.311358,0.64668,0.859737,0.319038,0.660326,0.818125,0.285369,0.663029,0.852803,0.293001,0.665868,0.786433
97,3.8800000000000026,0.247051,0.297923,0.873017,0.251647,0.431414,0.73813,0.260834,0.426086,0.685477,0.227253,0.532311,0.848757,0.213442,0.638408,0.83749,0.216445,0.649398,0.760925,0.185792,0.630349,0.728035,0.188889,0.624952,0.720196,0.245523,0.431476,0.675275,0.274613,0.548563,0.800732,0.309843,0.643914,0.830811,0.317509,0.654802,0.76383,0.283842,0.66303,0.822185,0.291477,0.665789,0.759135
98,3.9200000000000026,0.237911,0.295281,0.94568,0.241008,0.426035,0.724016,0.251608,0.425947,0.71349,0.221024,0.532128,0.833009,0.213324,0.638433,0.835955,0.214986,0.646749,0.800292,0.182746,0.641321,0.794222,0.187346,0.641093,0.750845,0.237804,0.428693,0.730206,0.26543,0.543194,0.777559,0.305287,0.641297,0.814367,0.314437,0.646676,0.810847,0.283798,0.665663,0.786185,0.289996,0.665848,0.759051
99,3.9600000000000026,0.228753,0.295153,0.897077,0.236295,0.423274,0.723542,0.240965,0.423281,0.698941,0.213381,0.529491,0.872579,0.211846,0.638555,0.795532,0.214973,0.649369,0.768617,0.181233,0.64406,0.733636,0.187296,0.641315,0.708774,0.227121,0.423303,0.745292,0.254716,0.548554,0.779563,0.300607,0.638422,0.822657,0.311335,0.641197,0.819365,0.279258,0.665829,0.786747,0.28846,0.66582,0.797552
100,4.000000000000003,0.225561,0.295078,0.91787,0.227108,0.420544,0.767649,0.23632,0.420577,0.700543,0.207282,0.529457,0.770643,0.210341,0.641183,0.784915,0.214932,0.649434,0.768861,0.181227,0.649429,0.726665,0.184284,0.64404,0.682922,0.218012,0.420517,0.735864,0.239417,0.545867,0.715104,0.288509,0.62223,0.767308,0.300683,0.62487,0.745334,0.276239,0.665845,0.764181,0.285329,0.665661,0.787913
101,4.040000000000003,0.214935,0.292374,0.908292,0.219514,0.420479,0.709851,0.227197,0.420505,0.709451,0.20419,0.532133,0.822531,0.210316,0.641167,0.809288,0.214941,0.649474,0.821519,0.179739,0.649438,0.781226,0.184309,0.644056,0.7216,0.213338,0.420514,0.734703,0.224105,0.540415,0.717795,0.279264,0.619322,0.767146,0.289978,0.61664,0.728461,0.273124,0.665859,0.766612,0.277703,0.663024,0.748939
102,4.080000000000003,0.210287,0.289792,0.838133,0.214915,0.42045,0.739891,0.224126,0.417821,0.691581,0.202627,0.532292,0.854017,0.207242,0.641176,0.83077,0.213434,0.649453,0.831868,0.179682,0.649388,0.798277,0.185781,0.644005,0.746086,0.208791,0.420473,0.703817,0.205715,0.535034,0.757708,0.263996,0.605822,0.776662,0.276234,0.600479,0.777864,0.260844,0.663068,0.791978,0.263975,0.657586,0.738776
103,4.120000000000003,0.202614,0.28968,0.887448,0.211862,0.415077,0.7304,0.217987,0.415051,0.671918,0.202616,0.534994,0.86284,0.205744,0.641223,0.837568,0.213407,0.649406,0.831107,0.179681,0.649418,0.814228,0.184316,0.644033,0.755184,0.202676,0.417803,0.731065,0.199596,0.540425,0.74575,0.251741,0.608561,0.789625,0.26395,0.605763,0.781278,0.242485,0.660281,0.771253,0.25011,0.652085,0.767173
104,4.160000000000003,0.199549,0.289668,0.857196,0.202713,0.415088,0.73051,0.213341,0.415035,0.710152,0.201125,0.532225,0.850609,0.204249,0.641145,0.849491,0.213329,0.646688,0.760045,0.179698,0.649384,0.843907,0.18431,0.644036,0.771702,0.198076,0.417765,0.690351,0.188804,0.535084,0.822128,0.237892,0.613998,0.836585,0.248624,0.616677,0.800273,0.224043,0.649432,0.700963,0.227168,0.646665,0.735116
105,4.200000000000003,0.190372,0.28429,0.86955,0.199632,0.417765,0.741246,0.208801,0.412385,0.670859,0.201064,0.532159,0.814972,0.207265,0.641213,0.784002,0.21341,0.660191,0.577434,0.182772,0.649478,0.773933,0.187356,0.64406,0.779952,0.190368,0.420495,0.753613,0.176679,0.534993,0.861493,0.216502,0.613957,0.765774,0.228681,0.619315,0.727528,0.208805,0.644075,0.433655,0.214899,0.641304,0.542846
106,4.240000000000003,0.187326,0.284332,0.853531,0.191919,0.4178,0.73338,0.202599,0.415047,0.734852,0.196561,0.529518,0.818099,0.211853,0.635821,0.797233,0.217963,0.643987,0.615943,0.185836,0.649446,0.27695,0.187321,0.644065,0.251821,0.182777,0.423137,0.698703,0.165915,0.534921,0.885454,0.202688,0.638494,0.815457,0.213298,0.643988,0.808765,0.181204,0.660216,0.75659,0.18888,0.662953,0.767857
107,4.280000000000003,0.178155,0.286982,0.884729,0.188871,0.41781,0.735052,0.199572,0.412392,0.668948,0.193489,0.532157,0.828748,0.208774,0.635795,0.797369,0.213436,0.643966,0.866244,0.185798,0.646702,0.0947315,0.187357,0.641263,0.0602765,0.17818,0.420561,0.730074,0.155228,0.532254,0.867024,0.187353,0.641182,0.825096,0.195017,0.644102,0.723849,0.162846,0.663058,0.843367,0.167491,0.665729,0.85269
108,4.320000000000003,0.175101,0.286996,0.851792,0.184309,0.417795,0.6946,0.19348,0.415056,0.671337,0.190468,0.532125,0.856467,0.207236,0.641102,0.825378,0.213418,0.646707,0.791092,0.187351,0.646751,0.547075,0.188934,0.643883,0.493432,0.175116,0.420534,0.683149,0.152118,0.532224,0.91534,0.165973,0.643924,0.884938,0.175122,0.657523,0.818522,0.141458,0.662944,0.810202,0.150621,0.66566,0.902652
109,4.360000000000003,0.165904,0.287023,0.873673,0.178233,0.417807,0.726343,0.190374,0.412386,0.731224,0.188943,0.532187,0.873781,0.207263,0.638555,0.800463,0.214928,0.649361,0.764549,0.178165,0.649427,0.797885,0.184296,0.644021,0.690448,0.167501,0.420559,0.718072,0.146034,0.53221,0.827933,0.150616,0.646631,0.848053,0.155237,0.662938,0.816808,0.124549,0.660253,0.774415,0.12918,0.663133,0.872534
110,4.400000000000003,0.162829,0.289742,0.86927,0.175081,0.42056,0.726532,0.185809,0.417815,0.683877,0.187366,0.532232,0.855457,0.205769,0.641145,0.824198,0.214884,0.646791,0.800367,0.179688,0.649471,0.772965,0.185804,0.64407,0.723596,0.164348,0.423308,0.720407,0.141439,0.532272,0.864796,0.133752,0.643843,0.836822,0.139873,0.660241,0.802496,0.104655,0.646701,0.774947,0.112291,0.660196,0.770402
111,4.440000000000003,0.153677,0.29237,0.897743,0.165939,0.423211,0.742449,0.178135,0.420456,0.729728,0.181248,0.532314,0.824469,0.205706,0.638525,0.816138,0.21344,0.64411,0.809111,0.179727,0.649443,0.757054,0.185843,0.644067,0.705067,0.153736,0.425936,0.716565,0.139894,0.534905,0.849487,0.12456,0.641118,0.828885,0.127599,0.657586,0.79293,0.0954418,0.638519,0.740967,0.103074,0.644011,0.806691
112,4.480000000000003,0.150589,0.292457,0.897376,0.164314,0.423212,0.742176,0.175084,0.420518,0.703055,0.178148,0.53488,0.881968,0.20424,0.641102,0.830992,0.214855,0.64668,0.804807,0.179683,0.652128,0.743345,0.185789,0.644106,0.676642,0.152143,0.425925,0.724446,0.133774,0.537708,0.774651,0.115427,0.641252,0.892766,0.118425,0.660306,0.808197,0.0817383,0.627592,0.758017,0.0908526,0.641185,0.856628
113,4.520000000000003,0.141431,0.295087,0.924124,0.153688,0.423321,0.738675,0.165887,0.420507,0.72538,0.175092,0.53489,0.864411,0.204228,0.63844,0.809317,0.214878,0.644026,0.793232,0.17967,0.654819,0.762822,0.18431,0.646683,0.684441,0.141484,0.42871,0.694786,0.127621,0.543097,0.814053,0.11531,0.641298,0.894274,0.116939,0.657624,0.808616,0.0877748,0.641132,0.827273,0.090902,0.644083,0.875134
114,4.560000000000003,0.138346,0.295068,0.906801,0.150606,0.428668,0.70736,0.16285,0.425961,0.718059,0.167491,0.535062,0.837833,0.20271,0.63847,0.841296,0.213357,0.64396,0.851182,0.179667,0.654828,0.772062,0.184303,0.64667,0.69335,0.138361,0.431443,0.678544,0.123007,0.545874,0.774273,0.113819,0.644002,0.877335,0.116898,0.662961,0.785825,0.0847572,0.643977,0.838291,0.0908583,0.654829,0.843015
115,4.600000000000003,0.129165,0.292553,0.926022,0.141383,0.425926,0.735784,0.153632,0.42326,0.739873,0.162797,0.532304,0.858075,0.201128,0.627562,0.820997,0.208823,0.638549,0.821137,0.178178,0.654865,0.782187,0.181245,0.646731,0.678383,0.12911,0.426037,0.710652,0.116859,0.548603,0.841599,0.11079,0.644052,0.820459,0.116871,0.662926,0.785424,0.0817043,0.649428,0.754695,0.0893406,0.662874,0.820676
116,4.640000000000003,0.12455,0.292421,0.886824,0.13224,0.420524,0.704801,0.144482,0.420477,0.697414,0.152198,0.534868,0.908358,0.199544,0.622213,0.815005,0.205729,0.63033,0.785859,0.178142,0.654886,0.81893,0.179737,0.646749,0.707686,0.121475,0.423167,0.699216,0.113794,0.545866,0.780941,0.109229,0.644,0.827331,0.116848,0.660313,0.78367,0.0817059,0.652149,0.753229,0.0893455,0.662929,0.835968
117,4.680000000000003,0.116897,0.292361,0.912858,0.127651,0.425934,0.757642,0.14134,0.4233,0.756317,0.142978,0.534925,0.880446,0.191918,0.619416,0.842716,0.202633,0.622123,0.778079,0.176678,0.652152,0.803662,0.179682,0.646667,0.713726,0.115311,0.426018,0.73704,0.10617,0.54863,0.811604,0.10771,0.644059,0.848322,0.116846,0.662908,0.801967,0.0816602,0.652171,0.776904,0.0893024,0.662955,0.848739
118,4.720000000000003,0.112331,0.289765,0.862591,0.11997,0.42591,0.719371,0.133752,0.423291,0.711089,0.136817,0.53486,0.868598,0.187373,0.613961,0.810617,0.198038,0.614012,0.768052,0.176616,0.654849,0.761388,0.178174,0.646727,0.688888,0.107697,0.425975,0.711622,0.104659,0.543123,0.810634,0.107746,0.643987,0.832944,0.116849,0.660338,0.793661,0.081725,0.65484,0.761799,0.0893616,0.662961,0.84258
119,4.760000000000003,0.10474,0.292377,0.908479,0.116855,0.425985,0.775738,0.129142,0.425902,0.763255,0.127595,0.532328,0.881596,0.17814,0.600446,0.856003,0.188925,0.600422,0.788211,0.173533,0.652158,0.731044,0.17509,0.646664,0.701941,0.103143,0.428694,0.739825,0.104607,0.54042,0.801983,0.107716,0.644,0.814146,0.115415,0.660288,0.747992,0.0817114,0.654898,0.741264,0.0893391,0.662988,0.816727
120,4.800000000000003,0.103174,0.292329,0.903091,0.113847,0.423218,0.745927,0.127553,0.423149,0.744147,0.115398,0.532234,0.769191,0.168958,0.603073,0.690962,0.179674,0.603175,0.632779,0.16287,0.649424,0.567067,0.164398,0.644061,0.539736,0.101538,0.423324,0.725367,0.103177,0.535033,0.736229,0.107745,0.644035,0.60608,0.115388,0.660264,0.611444,0.0816702,0.657529,0.587432,0.0893086,0.663041,0.595217
121,4.840000000000003,0.101593,0.289745,0.869149,0.106244,0.423175,0.740716,0.121479,0.420546,0.724963,0.115403,0.532167,0.868454,0.162824,0.605822,0.782949,0.16899,0.611219,0.775893,0.150619,0.644047,0.662651,0.153621,0.641338,0.606025,0.093927,0.423256,0.725567,0.100083,0.535097,0.782895,0.107726,0.643967,0.801121,0.116859,0.660212,0.762259,0.081667,0.654881,0.752961,0.0893171,0.662976,0.80595
122,4.8800000000000034,0.0939357,0.289782,0.879911,0.104688,0.423252,0.784608,0.116992,0.423193,0.7521,0.113827,0.532259,0.863602,0.153624,0.613949,0.845995,0.16287,0.616763,0.810796,0.139808,0.644088,0.806814,0.141398,0.641337,0.71024,0.0923727,0.425908,0.752755,0.0985384,0.540429,0.781049,0.109225,0.643986,0.83324,0.116883,0.660246,0.797722,0.0816762,0.654816,0.762002,0.0893312,0.662944,0.832852
123,4.9200000000000035,0.0923423,0.292334,0.909686,0.10314,0.42321,0.795567,0.116844,0.420548,0.768127,0.106165,0.529566,0.838622,0.141466,0.616717,0.792025,0.15208,0.622077,0.743505,0.129189,0.644027,0.639674,0.13074,0.64126,0.53343,0.0908029,0.425906,0.759924,0.0969811,0.534952,0.795326,0.107746,0.643964,0.79767,0.115422,0.657547,0.763358,0.0816671,0.65484,0.748647,0.0892886,0.662959,0.799508
124,4.9600000000000035,0.0908548,0.289776,0.895812,0.101544,0.420561,0.733543,0.115298,0.420505,0.736844,0.104597,0.529568,0.876934,0.135275,0.619369,0.817365,0.141376,0.622248,0.855094,0.123017,0.643881,0.501371,0.126106,0.638475,0.413269,0.0862699,0.423221,0.719353,0.0924744,0.535021,0.839498,0.106223,0.643979,0.838274,0.115343,0.654845,0.77388,0.0802057,0.65487,0.781426,0.0878171,0.662989,0.832951
125,5.0000000000000036,0.0893024,0.28969,0.853249,0.0954454,0.420479,0.73016,0.109256,0.420451,0.709383,0.103079,0.529423,0.836325,0.12612,0.622074,0.81629,0.133747,0.630282,0.699629,0.090919,0.643925,0.0925452,0.101582,0.624921,0.0760384,0.0816986,0.420533,0.71926,0.0924091,0.532281,0.848051,0.11076,0.641279,0.809132,0.116964,0.649359,0.73658,0.0817003,0.65488,0.803423,0.0908325,0.662997,0.836346
126,5.040000000000004,0.0832331,0.289686,0.840723,0.0924564,0.417801,0.757993,0.106202,0.415098,0.724164,0.101582,0.529524,0.824495,0.119962,0.627593,0.781077,0.129129,0.641116,0.732111,0.0893128,0.643979,0.152908,0.0909018,0.638545,0.113464,0.0801316,0.420488,0.738682,0.0923661,0.534928,0.858916,0.107704,0.643882,0.81476,0.116855,0.649471,0.760609,0.081684,0.654874,0.803543,0.0893544,0.66299,0.811984
127,5.080000000000004,0.0816826,0.289712,0.87189,0.0924197,0.417797,0.779309,0.104733,0.415096,0.742438,0.0969975,0.529451,0.786345,0.116941,0.627584,0.805865,0.127628,0.638559,0.620051,0.0893274,0.643951,0.201065,0.0908135,0.641128,0.155343,0.0801098,0.420473,0.754747,0.0908958,0.534882,0.861682,0.109229,0.643879,0.810151,0.116879,0.652096,0.745614,0.0832159,0.657529,0.750153,0.0908675,0.663034,0.793693
128,5.120000000000004,0.0801887,0.28973,0.891535,0.0923774,0.423161,0.785647,0.10468,0.420486,0.754142,0.0954869,0.529507,0.79144,0.11691,0.627601,0.803417,0.127582,0.641115,0.599613,0.0893186,0.643967,0.190993,0.0908027,0.641153,0.144919,0.078672,0.423275,0.764874,0.0908451,0.534899,0.848618,0.10772,0.643867,0.815819,0.115425,0.652115,0.748703,0.08173,0.654856,0.768188,0.0908441,0.662982,0.813745
129,5.160000000000004,0.0801656,0.289698,0.881339,0.0909238,0.417809,0.758213,0.104597,0.415072,0.737973,0.0939625,0.529459,0.787475,0.116897,0.627616,0.793058,0.127604,0.641131,0.568544,0.0893107,0.644002,0.213541,0.0893424,0.641217,0.164689,0.0786368,0.420534,0.746991,0.090804,0.53487,0.828902,0.109232,0.643844,0.801963,0.116884,0.652118,0.73695,0.0832054,0.657553,0.74119,0.0908673,0.663041,0.78903
130,5.200000000000004,0.0801281,0.287011,0.86472,0.0908202,0.417823,0.728909,0.103098,0.415034,0.708866,0.0939606,0.529516,0.802026,0.116906,0.624953,0.804958,0.127619,0.638472,0.567654,0.0893324,0.643935,0.228034,0.0908055,0.641125,0.185303,0.078562,0.42317,0.713973,0.0908018,0.534863,0.83987,0.10927,0.641331,0.799676,0.116906,0.652079,0.740249,0.0831946,0.657512,0.741101,0.0908652,0.663014,0.789532
131,5.240000000000004,0.0801112,0.289678,0.890327,0.0892795,0.417762,0.701057,0.101544,0.412351,0.683937,0.0969954,0.529537,0.794906,0.116945,0.627616,0.799359,0.127632,0.641154,0.610297,0.0893385,0.643973,0.173604,0.0908143,0.641157,0.133581,0.0770497,0.420541,0.692729,0.090834,0.53491,0.860868,0.107737,0.643876,0.810778,0.116872,0.652137,0.74496,0.0817165,0.65756,0.76639,0.0908426,0.663041,0.802357
132,5.280000000000004,0.0786677,0.289653,0.881681,0.0892893,0.409679,0.709822,0.100088,0.406981,0.688977,0.10002,0.529441,0.775356,0.116933,0.62495,0.814875,0.12761,0.638535,0.600867,0.0893605,0.643983,0.173665,0.0908313,0.641165,0.143078,0.0770597,0.415092,0.689972,0.0908504,0.534876,0.859991,0.10923,0.641323,0.803819,0.116879,0.649472,0.75807,0.0817165,0.657539,0.774452,0.0908539,0.663027,0.817057
133,5.320000000000004,0.0786476,0.289648,0.888996,0.0877772,0.412359,0.70228,0.0985087,0.40698,0.690675,0.101534,0.526802,0.775481,0.116951,0.627597,0.800367,0.127605,0.641158,0.62408,0.0893737,0.64399,0.161509,0.0908421,0.641184,0.125777,0.077029,0.417822,0.695849,0.0908514,0.534871,0.856649,0.107713,0.643865,0.816303,0.115428,0.652134,0.756828,0.0817085,0.657552,0.772085,0.0908381,0.663035,0.814371
134,5.360000000000004,0.078626,0.289705,0.890854,0.089287,0.417835,0.71518,0.100038,0.412378,0.680385,0.103077,0.529487,0.821818,0.116982,0.63029,0.799353,0.127616,0.641235,0.648586,0.0893487,0.644038,0.16353,0.090846,0.641212,0.134555,0.0770966,0.423191,0.729393,0.090919,0.534933,0.862361,0.10775,0.643878,0.811455,0.11685,0.652129,0.755996,0.0816866,0.65754,0.777812,0.0908262,0.663036,0.80809
