frame,elapsed_time_s_,neck_x,neck_y,neck_c,spine_hip_x,spine_hip_y,spine_hip_c,r_hip_x,r_hip_y,r_hip_c,r_knee_x,r_knee_y,r_knee_c,r_ankle_x,r_ankle_y,r_ankle_c,r_heel_x,r_heel_y,r_heel_c,r_bigtoe_x,r_bigtoe_y,r_bigtoe_c,r_smalltoe_x,r_smalltoe_y,r_smalltoe_c,l_hip_x,l_hip_y,l_hip_c,l_knee_x,l_knee_y,l_knee_c,l_ankle_x,l_ankle_y,l_ankle_c,l_heel_x,l_heel_y,l_heel_c,l_bigtoe_x,l_bigtoe_y,l_bigtoe_c,l_smalltoe_x,l_smalltoe_y,l_smalltoe_c,switch,badFlag
0,0,755.354,159.179,0.869013,746.511,233.99,0.798007,734.875,232.538,0.782123,736.328,289.852,0.790901,743.644,345.597,0.751255,746.616,348.596,0.222467,721.532,348.561,0.686462,721.604,347.082,0.630154,756.811,234.018,0.77562,748.033,297.108,0.822774,746.603,354.436,0.826158,753.918,360.3,0.773868,721.594,357.383,0.787894,728.898,360.32,0.68425,0,0
1,0.04,755.332,159.189,0.860498,746.502,234.014,0.79683,734.872,232.566,0.781188,736.293,291.281,0.788553,744.999,345.604,0.757694,748.009,348.601,0.225777,721.541,350.017,0.66959,721.604,347.133,0.61636,756.791,235.454,0.768057,748.02,297.141,0.833649,746.627,354.434,0.819661,755.34,360.282,0.792322,721.622,357.432,0.797634,730.359,360.356,0.686502,0,0
2,0.08,755.328,159.188,0.85843,746.498,233.984,0.801103,734.869,232.538,0.791093,734.871,291.287,0.816478,745.014,345.626,0.756954,748.039,350.044,0.218104,721.558,350.045,0.63794,721.621,347.167,0.579935,756.782,234.017,0.769215,746.614,295.708,0.846401,746.625,354.404,0.809174,755.352,358.911,0.798536,721.625,357.412,0.810567,730.362,360.342,0.699433,0,0
3,0.12,755.308,160.553,0.853374,745.147,232.57,0.803416,734.854,232.537,0.799991,734.8,289.847,0.833277,743.624,345.59,0.735576,748.004,348.579,0.217325,721.555,350.028,0.621529,721.619,347.152,0.570536,756.762,234.013,0.767628,746.608,295.707,0.846103,746.623,354.416,0.811691,755.35,358.918,0.804829,721.617,357.417,0.808745,728.947,360.352,0.703285,0,0
4,0.16,753.895,160.566,0.840088,745.137,234.035,0.796085,734.84,234.003,0.794508,734.747,294.196,0.824662,742.167,345.655,0.752039,746.567,350.038,0.224631,721.54,350.069,0.618066,721.591,348.55,0.571778,755.392,235.481,0.755776,746.603,298.552,0.866725,746.63,354.413,0.815161,755.352,358.904,0.806076,721.644,357.424,0.805124,730.397,360.333,0.71159,0,0
5,0.2,753.866,160.571,0.835794,745.128,235.499,0.798725,734.82,235.464,0.798189,731.813,294.234,0.793644,742.115,345.59,0.731371,746.544,347.147,0.23432,721.522,350.061,0.667612,721.558,347.156,0.619352,756.755,236.934,0.754981,746.564,298.607,0.885111,746.616,354.407,0.814914,755.341,358.894,0.80802,721.631,358.792,0.811874,730.39,360.359,0.700904,0,0
6,0.24,752.44,160.612,0.82969,745.112,238.387,0.814966,734.82,236.956,0.809168,724.553,295.709,0.825307,737.753,345.631,0.777416,745.078,348.593,0.287737,718.66,354.419,0.748071,720.095,348.602,0.682528,755.379,238.422,0.764997,746.544,298.628,0.893147,746.627,354.399,0.818291,755.326,358.875,0.805139,723.011,358.848,0.763844,731.844,361.767,0.6692,0,0
7,0.28,750.972,160.63,0.820343,745.127,238.372,0.809152,734.834,236.95,0.805283,721.596,295.69,0.871935,736.305,344.146,0.765823,745.041,347.073,0.344556,718.637,352.986,0.733534,720.073,348.555,0.670506,755.393,238.401,0.759297,746.57,298.652,0.90619,748.002,351.52,0.81552,755.33,358.823,0.832313,723.041,358.822,0.777783,731.885,360.349,0.689341,0,0
8,0.32,749.481,162.049,0.818824,745.137,238.415,0.822909,734.831,238.382,0.822421,717.189,291.311,0.818327,733.348,342.696,0.827225,736.307,347.048,0.500989,712.768,352.977,0.779512,712.782,348.531,0.715822,756.786,239.82,0.777197,746.593,298.647,0.903305,748.022,352.977,0.819232,755.33,358.862,0.833893,723.014,358.811,0.815128,731.86,361.77,0.714154,0,0
9,0.36,748.07,162.03,0.834329,745.118,236.97,0.810406,734.82,236.936,0.816892,712.779,289.844,0.874393,731.812,344.149,0.832249,734.763,347.11,0.690346,708.396,352.95,0.834603,709.796,347.128,0.801994,755.389,238.387,0.762764,746.587,298.602,0.896643,746.614,355.874,0.85982,755.32,360.302,0.822497,721.589,358.924,0.87233,728.929,364.732,0.750445,0,0
10,0.4,747.991,160.61,0.854622,745.078,236.922,0.784849,734.778,235.466,0.79476,711.26,289.787,0.905744,722.998,339.753,0.814523,727.493,345.662,0.730043,699.614,348.549,0.796789,701.024,345.645,0.740034,755.35,236.959,0.736587,746.603,298.59,0.887814,746.619,354.446,0.84442,755.337,358.919,0.832227,721.54,358.872,0.887382,728.931,364.711,0.772402,0,0
11,0.44,746.51,160.626,0.866679,745.011,236.966,0.786367,733.35,235.486,0.802583,709.789,288.379,0.913801,715.713,341.24,0.794802,721.64,347.084,0.838243,690.766,347.074,0.815614,693.689,345.54,0.751548,755.325,238.413,0.74112,746.577,298.653,0.903256,748.005,355.917,0.868352,755.366,360.337,0.827771,721.567,360.283,0.859727,728.916,366.183,0.759067,0,0
12,0.48,745.07,162.023,0.849306,742.115,238.398,0.776473,733.254,236.914,0.794829,706.86,288.325,0.857794,708.305,345.59,0.829937,711.295,350.033,0.802812,681.911,347.051,0.795657,686.265,345.562,0.760102,750.933,239.841,0.741315,746.555,298.658,0.909459,748.012,357.302,0.876291,755.372,361.774,0.815136,721.547,360.28,0.858367,727.465,366.202,0.758058,0,0
13,0.52,742.151,162.026,0.814147,737.739,238.436,0.800402,728.948,236.957,0.784128,701.001,288.338,0.89715,699.492,345.594,0.887611,702.496,351.508,0.748425,674.603,345.6,0.755728,676.101,342.703,0.693135,747.993,239.883,0.789059,746.528,298.684,0.908672,747.992,355.926,0.874429,755.354,361.757,0.841425,721.548,358.882,0.898924,728.905,366.148,0.77562,0,0
14,0.56,737.76,162.073,0.81747,734.881,238.394,0.809208,725.976,235.498,0.778762,698.147,288.318,0.929316,687.882,345.611,0.850967,695.139,354.41,0.741486,662.893,344.102,0.736653,665.795,339.724,0.684098,746.529,239.853,0.807185,745.13,300.035,0.904351,748,355.924,0.86393,755.373,360.359,0.842094,721.539,360.28,0.88298,727.45,366.169,0.778532,0,0
15,0.6,734.814,163.54,0.840998,733.342,239.813,0.808645,721.645,236.958,0.807316,696.639,286.937,0.890082,683.419,345.569,0.824448,686.382,354.408,0.785693,654.066,339.764,0.694191,659.888,336.825,0.675783,745.053,239.868,0.771536,745.057,300.033,0.880468,747.995,355.922,0.853272,755.372,360.345,0.835118,721.53,358.915,0.880004,727.463,366.166,0.767141,0,0
16,0.64,733.26,164.958,0.816983,730.386,239.862,0.789782,720.076,238.391,0.772471,689.326,288.36,0.858288,676.041,345.574,0.866502,677.573,354.418,0.743524,651.043,338.277,0.689502,652.56,335.412,0.688255,740.657,239.929,0.738202,743.622,300.044,0.854697,748,355.915,0.855073,755.387,360.331,0.840986,721.533,360.284,0.849955,727.484,366.176,0.756452,0,0
17,0.68,726.016,167.873,0.819987,724.504,239.894,0.817981,714.24,238.433,0.778696,687.751,288.377,0.907814,673.061,345.624,0.818414,674.58,355.924,0.785395,643.734,338.282,0.6897,648.175,336.781,0.673351,734.783,241.342,0.810467,739.213,300.129,0.833757,746.636,355.91,0.855739,755.392,360.308,0.850838,721.572,360.286,0.846887,730.372,366.173,0.765795,0,0
18,0.72,723.035,167.933,0.853842,721.539,241.302,0.805558,709.855,239.849,0.795035,683.379,289.847,0.820331,667.224,347.096,0.83743,673.067,357.373,0.772408,640.794,344.144,0.732441,643.73,341.226,0.667594,731.839,241.377,0.746055,734.866,300.153,0.866564,747.992,355.89,0.844677,756.775,360.303,0.854709,721.556,360.302,0.827254,728.946,366.185,0.755254,0,0
19,0.76,718.62,169.319,0.815885,712.813,241.35,0.772824,703.981,239.894,0.756128,676.101,291.314,0.842328,664.38,348.542,0.8381,670.182,358.805,0.747376,639.346,345.664,0.753705,640.878,345.56,0.710081,723.074,242.817,0.761924,733.314,301.553,0.86297,746.604,355.881,0.851367,756.763,360.285,0.843866,721.526,360.357,0.799073,728.907,367.597,0.758583,0,0
20,0.8,711.347,169.366,0.852427,709.762,241.331,0.802808,698.087,239.892,0.805763,674.535,292.773,0.855787,664.298,351.486,0.835958,667.276,358.894,0.76484,637.842,348.588,0.732071,639.391,347.106,0.746153,718.659,241.39,0.738414,726.001,301.585,0.8222,746.587,355.844,0.86206,756.768,358.853,0.876307,721.565,361.78,0.812827,728.947,367.601,0.77153,0,0
21,0.84,706.881,169.376,0.829379,699.586,241.34,0.812382,689.318,239.903,0.789893,665.798,295.668,0.829962,664.263,351.484,0.840636,667.281,358.896,0.767687,636.396,355.899,0.750852,639.296,351.517,0.724318,709.875,241.409,0.776162,721.572,303.008,0.869626,746.521,352.964,0.858927,756.761,357.387,0.88372,721.535,361.781,0.807107,728.927,366.195,0.761248,0,0
22,0.88,699.537,169.336,0.862188,693.705,241.35,0.787898,684.872,239.908,0.803775,662.855,297.105,0.872676,662.865,352.938,0.829594,667.246,358.927,0.76881,634.961,357.366,0.78482,639.28,355.856,0.745223,702.478,242.801,0.756149,711.247,301.612,0.867902,745.081,348.572,0.873862,753.892,354.397,0.817279,720.068,361.802,0.797507,726.022,366.182,0.747086,0,0
23,0.92,693.655,167.943,0.796606,687.754,241.321,0.813056,676.146,239.878,0.799339,659.918,295.703,0.81358,662.785,351.494,0.806039,665.783,358.902,0.786217,634.928,357.36,0.770313,637.887,355.846,0.732988,698.011,241.397,0.754515,698.128,305.965,0.8591,739.212,345.633,0.83966,746.633,345.675,0.879815,720.077,360.357,0.79192,728.913,361.753,0.735312,0,0
24,0.96,686.399,167.888,0.829323,678.973,241.313,0.79118,673.088,239.861,0.805034,656.984,297.159,0.831574,662.756,352.969,0.810499,665.753,358.909,0.819423,634.911,357.365,0.776785,637.869,355.86,0.742601,687.778,241.409,0.786914,684.865,305.987,0.831624,731.846,339.758,0.805237,740.649,338.31,0.782597,712.805,360.298,0.814574,723.003,358.855,0.856156,0,0
25,1,680.441,163.5,0.78234,676.012,238.366,0.798848,667.255,236.923,0.73474,654.039,297.184,0.823738,662.768,354.427,0.820409,665.778,358.926,0.808788,633.455,357.387,0.788858,637.854,355.888,0.738867,681.954,238.421,0.758494,667.263,301.557,0.772225,721.503,335.425,0.842395,728.94,335.35,0.811375,703.942,366.163,0.752688,711.312,361.774,0.757588,0,0
26,1.04,674.605,162.033,0.82248,670.188,234.03,0.72391,662.862,232.553,0.769625,652.637,298.665,0.844388,662.799,354.445,0.724712,665.798,358.918,0.658461,634.936,357.404,0.679034,637.833,357.288,0.627986,676.097,236.915,0.746783,655.486,298.679,0.8372,705.408,336.834,0.681529,712.807,335.414,0.681283,687.792,367.677,0.696101,696.574,366.179,0.65682,0,0
27,1.08,665.824,159.189,0.841081,664.303,233.989,0.790351,656.978,231.119,0.736677,652.583,297.157,0.82066,662.792,348.577,0.834973,665.766,357.375,0.790622,637.869,357.383,0.869817,639.386,355.88,0.785378,671.674,235.462,0.740184,645.2,298.551,0.834333,687.78,336.864,0.845949,698.085,338.285,0.786888,671.663,360.348,0.6977,676.07,360.285,0.7159,0,0
28,1.12,661.388,159.16,0.860772,661.316,232.548,0.734804,652.521,232.565,0.772537,652.568,292.756,0.8002,662.892,350.011,0.749288,673.069,358.828,0.350176,636.372,355.924,0.7078,637.879,352.991,0.642996,665.78,232.558,0.719099,637.865,291.316,0.81805,667.249,345.622,0.728164,676.086,348.561,0.628508,640.883,357.375,0.510118,651.045,358.868,0.527804,0,0
29,1.16,652.635,160.578,0.862192,652.537,236.959,0.800266,645.227,236.947,0.747756,652.526,298.632,0.870789,662.809,351.487,0.795766,667.233,357.407,0.68912,636.411,358.897,0.12338,0,0,0,659.895,238.376,0.714222,627.566,292.766,0.850062,651.079,350.05,0.817576,658.443,357.338,0.78103,626.084,361.8,0.806393,630.538,366.193,0.830585,0,0
30,1.2,648.149,160.554,0.844639,648.118,238.425,0.767219,640.748,238.412,0.810704,651.078,289.846,0.858489,662.807,347.161,0.835845,665.756,357.381,0.843872,642.333,351.514,0.306545,648.123,347.137,0.239492,652.555,239.823,0.773555,617.324,291.263,0.869748,629.02,351.487,0.82431,636.408,357.411,0.725147,601.176,358.913,0.790027,607.039,363.259,0.840686,0,0
31,1.24,640.842,162.035,0.860795,640.785,239.835,0.824471,634.914,239.835,0.752791,649.601,295.672,0.815123,662.813,351.517,0.819682,665.819,358.894,0.8073,633.473,357.381,0.820803,637.884,355.889,0.715241,646.712,239.863,0.742008,612.906,294.2,0.813587,605.576,357.349,0.875638,612.909,363.251,0.789548,579.12,357.332,0.816944,583.537,360.302,0.849881,0,0
32,1.28,633.471,164.986,0.817022,633.49,239.918,0.78735,627.651,239.889,0.802418,643.772,297.128,0.809539,662.795,352.94,0.806778,665.82,358.904,0.78877,632.018,357.376,0.816436,637.881,355.894,0.732538,639.374,241.334,0.801398,605.623,295.69,0.850762,589.399,355.903,0.813386,592.335,363.267,0.789674,558.551,347.145,0.836447,565.876,355.913,0.785012,0,0
33,1.32,627.642,167.863,0.879453,627.653,239.85,0.824607,620.265,239.855,0.758999,640.786,295.669,0.849829,661.377,350.029,0.792845,665.792,358.834,0.785835,631.981,357.37,0.789021,637.834,355.883,0.69857,634.932,239.86,0.735517,602.631,297.112,0.839882,571.796,354.408,0.797,573.264,361.796,0.743325,545.375,344.18,0.843105,548.287,348.586,0.807211,0,0
34,1.36,618.824,169.315,0.875547,617.383,241.414,0.812405,612.933,241.393,0.7603,637.865,298.563,0.842111,661.376,350.016,0.800297,665.79,357.417,0.801592,632.03,357.416,0.78309,637.876,357.295,0.712142,626.149,242.834,0.789749,593.754,297.177,0.891214,567.336,352.987,0.801651,568.796,363.23,0.773696,536.544,344.18,0.838534,542.412,348.579,0.808259,0,0
35,1.4,612.926,169.341,0.868716,611.455,244.298,0.753239,604.161,242.855,0.779366,629.077,298.578,0.866276,661.326,347.099,0.824724,665.776,354.414,0.796834,632.022,358.8,0.816183,637.849,357.324,0.740737,617.284,245.78,0.767593,582.101,298.57,0.89184,558.65,357.29,0.843656,562.965,364.715,0.763158,533.625,348.541,0.847068,536.569,355.906,0.832786,0,0
36,1.44,605.526,169.378,0.909877,604.012,245.771,0.780385,595.263,244.32,0.743233,618.828,298.568,0.850585,654.077,345.672,0.821419,664.29,350.038,0.736329,631.977,358.829,0.864336,636.396,357.359,0.780461,605.628,247.245,0.75977,576.175,298.685,0.861826,558.513,357.392,0.898445,561.489,367.632,0.823336,530.628,357.411,0.881882,535.041,361.767,0.89258,0,0
37,1.48,595.328,169.369,0.876734,593.752,242.798,0.829583,585.027,241.393,0.759795,607.071,298.608,0.865809,651.064,342.682,0.840218,658.44,345.598,0.767392,629.112,358.828,0.880167,632.022,357.345,0.778902,599.687,242.827,0.749237,568.797,298.586,0.889055,557.11,357.407,0.89625,561.491,367.622,0.814952,524.838,360.326,0.845579,533.603,367.621,0.88135,0,0
38,1.52,589.385,167.946,0.842922,582.133,242.839,0.784175,579.144,242.804,0.754169,593.835,300.038,0.914717,640.815,335.296,0.886123,651.146,335.315,0.795976,627.619,358.888,0.883501,629.112,357.383,0.793932,590.844,244.269,0.735107,558.651,298.62,0.887548,557.076,357.426,0.89415,561.483,367.613,0.81188,524.766,360.351,0.828851,533.548,367.643,0.860678,0,0
39,1.56,582.049,167.889,0.863472,577.68,241.301,0.77572,570.376,239.906,0.791291,580.553,300.069,0.906986,629.025,332.405,0.883818,639.381,330.95,0.78847,618.761,357.414,0.874617,620.253,355.9,0.757854,582.043,241.34,0.789384,558.549,297.116,0.859029,557.058,357.377,0.873478,560.088,366.159,0.813115,524.765,360.346,0.827521,533.557,367.632,0.841848,0,0
40,1.6,576.176,160.633,0.767308,570.278,239.841,0.786313,565.897,238.429,0.718642,567.343,300.037,0.868466,615.836,330.934,0.856683,626.116,329.442,0.773945,605.504,354.403,0.828017,605.588,348.596,0.772651,574.716,239.904,0.741324,555.638,298.543,0.852861,557.051,357.376,0.875304,560.082,364.688,0.818308,524.825,360.367,0.812436,533.613,367.639,0.841052,0,0
41,1.64,568.876,160.593,0.797522,564.457,238.378,0.749053,558.549,236.928,0.767382,552.714,298.606,0.844828,599.691,330.934,0.809524,607.026,329.455,0.830977,585.011,351.503,0.805015,585.036,347.121,0.747875,570.255,238.429,0.794709,554.135,298.561,0.823014,557.031,357.382,0.871566,560.088,363.234,0.780461,524.809,361.757,0.797366,533.59,367.647,0.835646,0,0
42,1.68,561.49,159.159,0.795939,557.107,239.835,0.795719,548.317,238.388,0.738859,536.592,297.103,0.83585,582.051,333.853,0.856494,592.312,333.85,0.784268,570.286,351.488,0.596208,570.276,347.125,0.544484,561.528,239.905,0.751045,549.799,300.07,0.835949,557.03,357.374,0.838656,560.038,361.813,0.752026,524.84,361.802,0.776587,533.577,367.631,0.823784,0,0
43,1.72,557.042,159.056,0.803062,549.772,238.374,0.722512,545.318,234.026,0.720541,527.718,291.289,0.816453,567.323,335.284,0.853421,573.272,335.326,0.775842,546.81,345.601,0.287425,545.368,344.128,0.27518,557.154,239.833,0.767258,546.813,298.68,0.864973,557.07,357.355,0.865847,562.976,363.223,0.747058,524.78,363.25,0.802155,533.55,369.08,0.852388,0,0
44,1.76,546.9,159.064,0.787719,546.832,236.929,0.758325,540.963,234.024,0.672585,517.451,288.322,0.868511,540.915,344.119,0.742548,545.354,345.678,0.438509,521.844,355.888,0.793214,521.893,350.013,0.684963,554.18,238.384,0.724048,546.814,298.629,0.906931,557.033,357.323,0.843273,561.523,361.802,0.805237,527.727,361.801,0.817075,535.05,367.639,0.800404,0,0
45,1.8,542.43,159.06,0.734773,539.469,235.469,0.723459,533.604,232.565,0.733733,510.06,288.286,0.910998,521.793,344.13,0.829293,524.798,348.533,0.780803,498.367,351.504,0.72488,499.77,347.121,0.723007,546.771,236.93,0.755557,545.377,298.615,0.880683,557.061,357.309,0.859916,561.512,363.255,0.825187,524.834,360.359,0.851824,533.655,367.633,0.842153,0,0
46,1.84,535.039,159.087,0.790151,533.583,236.925,0.770161,523.372,235.472,0.74876,501.271,288.361,0.888098,499.877,347.033,0.860521,507.178,354.451,0.750806,476.294,347.14,0.78315,477.809,345.648,0.724165,539.495,236.965,0.717761,543.822,298.672,0.847125,557.037,357.345,0.863592,561.488,363.245,0.819786,524.796,361.792,0.839958,533.61,367.662,0.834716,0,0
47,1.88,526.249,159.158,0.761683,524.817,238.367,0.746827,520.389,236.946,0.72249,498.299,288.401,0.878462,482.178,347.076,0.814033,486.53,357.372,0.804029,452.865,341.221,0.635625,457.224,338.283,0.577748,533.599,238.388,0.76116,536.592,300.037,0.837474,557.034,357.331,0.850049,561.522,363.232,0.796209,524.775,361.792,0.819583,533.591,367.679,0.820526,0,0
48,1.92,521.815,160.615,0.713012,518.9,239.866,0.763884,511.514,239.837,0.780055,488.156,289.834,0.85015,466.055,345.618,0.823789,470.428,355.919,0.74659,441.043,335.361,0.751999,442.587,335.288,0.698511,523.354,239.902,0.783202,533.669,300.091,0.884396,555.657,357.322,0.843104,561.485,361.781,0.81268,523.379,363.244,0.800483,533.556,369.06,0.804788,0,0
49,1.96,511.604,163.525,0.726544,510.148,241.366,0.787319,501.318,241.369,0.723008,480.726,292.735,0.775145,457.216,347.063,0.807335,460.168,357.399,0.765121,429.348,335.372,0.739564,433.715,335.313,0.677631,517.438,241.383,0.735496,530.649,301.549,0.816488,555.601,357.32,0.82735,560.059,360.342,0.827932,523.377,364.706,0.798049,533.552,369.083,0.811995,0,0
50,2,502.77,166.435,0.69863,499.868,241.411,0.763658,493.969,241.394,0.700732,473.372,294.22,0.818853,452.868,348.582,0.838325,455.772,358.857,0.776954,427.915,344.121,0.758001,430.812,341.237,0.706548,510.031,242.819,0.74634,521.888,301.587,0.867942,554.187,354.444,0.802827,560.053,358.788,0.861022,524.825,363.267,0.795828,533.65,367.677,0.809387,0,0
51,2.04,495.393,164.966,0.717972,489.596,241.38,0.736339,486.548,241.338,0.742957,464.558,295.699,0.856155,451.38,351.474,0.832,454.283,358.891,0.829148,424.897,347.165,0.739083,427.832,347.06,0.754112,498.364,242.811,0.749479,511.581,301.622,0.847536,548.346,351.489,0.797469,558.596,355.904,0.889582,524.773,366.177,0.801068,533.61,369.041,0.823054,0,0
52,2.08,488.149,163.541,0.670379,483.687,244.286,0.68513,476.396,244.277,0.659939,455.807,295.713,0.797484,449.91,351.494,0.810982,452.859,358.897,0.838877,420.551,357.315,0.790222,424.923,354.393,0.723913,486.668,245.763,0.7266,499.789,304.483,0.845558,545.357,347.14,0.874815,555.65,348.594,0.774472,523.337,367.606,0.788754,533.576,367.652,0.773652,0,0
53,2.12,482.181,163.508,0.63901,474.871,239.92,0.757159,470.436,239.885,0.668218,451.349,294.234,0.847887,448.448,354.413,0.76459,452.83,360.283,0.791866,420.508,357.391,0.802641,424.899,355.89,0.731675,476.394,241.339,0.769086,485.136,305.942,0.80981,535.13,344.145,0.823115,546.779,342.7,0.786102,521.877,366.171,0.806472,532.112,361.817,0.737495,0,0
54,2.16,473.395,160.593,0.662416,464.655,238.374,0.731952,463.127,236.943,0.695705,448.411,295.665,0.806222,448.387,355.861,0.795876,452.804,360.304,0.863141,419.08,357.398,0.845624,423.475,355.9,0.758725,468.975,238.395,0.729494,467.548,303.01,0.791664,523.291,336.87,0.836331,535.017,335.371,0.794471,511.638,366.193,0.84509,521.836,361.765,0.794575,0,0
55,2.2,466.024,159.147,0.721944,461.661,232.533,0.696408,460.163,231.085,0.644036,445.499,297.17,0.767464,448.398,355.847,0.787873,452.8,360.277,0.845492,419.104,357.399,0.837691,424.929,355.919,0.745346,463.089,234.011,0.763692,451.384,300.093,0.83876,510.031,335.384,0.832997,518.912,333.922,0.762954,499.833,363.246,0.710066,507.172,360.297,0.685144,0,0
56,2.24,460.178,159.089,0.685284,455.769,231.097,0.681186,454.301,231.056,0.629988,441.148,298.645,0.823859,448.404,355.866,0.782944,452.816,360.312,0.854282,419.09,357.411,0.84963,424.909,355.925,0.745616,457.222,232.569,0.717304,439.659,300.074,0.88857,489.551,338.288,0.782311,499.854,336.806,0.744452,476.352,367.622,0.703442,485.094,363.234,0.687573,0,0
57,2.28,452.77,157.693,0.752924,449.906,231.047,0.713918,451.356,229.622,0.67449,441.157,295.66,0.782456,445.471,352.957,0.784954,451.315,358.87,0.763741,419.085,357.379,0.884969,424.92,355.891,0.74159,448.407,231.107,0.697467,427.864,295.668,0.820813,473.34,339.732,0.777738,482.198,342.664,0.71853,454.297,361.784,0.673334,461.634,360.299,0.700695,0,0
58,2.32,442.571,157.701,0.705287,444.004,229.603,0.744115,451.286,229.557,0.718859,441.033,294.229,0.839681,449.856,350.032,0.737126,455.781,358.812,0.467415,421.968,357.349,0.654962,424.925,355.861,0.568087,439.669,229.656,0.775165,416.084,291.323,0.83559,451.289,345.596,0.745287,458.698,348.558,0.586133,427.891,358.805,0.593605,435.211,358.904,0.552324,0,0
59,2.36,439.533,157.7,0.748887,438.168,229.588,0.75624,441.105,229.556,0.707073,439.671,291.299,0.828878,449.842,350.011,0.787902,452.835,357.396,0.818688,423.441,360.332,0.0978309,0,0,0,430.856,229.621,0.715187,405.787,289.809,0.887274,429.297,347.141,0.836122,439.546,354.444,0.685898,404.333,364.703,0.776874,408.78,367.597,0.795127,0,0
60,2.4,429.344,157.693,0.808416,429.386,231.055,0.776378,436.693,229.645,0.711335,439.549,291.311,0.81899,446.962,352.987,0.771836,452.78,360.292,0.775117,426.392,355.923,0.519958,429.28,354.391,0.438025,427.789,231.08,0.755477,395.562,289.808,0.861954,405.828,355.907,0.845428,414.606,360.323,0.788753,379.366,360.314,0.768863,383.817,366.169,0.831167,0,0
61,2.44,420.544,159.18,0.738431,424.905,232.572,0.730465,429.287,232.566,0.718669,436.639,295.683,0.790853,448.391,351.486,0.768833,452.82,358.88,0.78817,417.616,357.399,0.817985,424.894,355.919,0.703545,417.607,233.999,0.747809,392.556,291.298,0.846206,382.394,357.314,0.853055,391.109,363.267,0.770656,357.298,357.316,0.825506,360.311,360.284,0.837114,0,0
62,2.48,416.134,159.176,0.783766,417.549,232.571,0.775481,423.443,232.549,0.695144,430.775,297.148,0.832957,446.94,351.516,0.763754,452.807,358.875,0.783218,419.055,357.395,0.825615,424.901,355.918,0.719967,413.169,233.986,0.726466,383.786,295.655,0.822704,369.054,352.973,0.821593,370.584,360.367,0.819646,336.841,347.108,0.832633,345.557,354.449,0.825554,0,0
63,2.52,405.882,162.058,0.772525,407.352,238.387,0.735489,414.611,238.369,0.680219,427.782,297.131,0.837522,445.485,350.05,0.763949,452.816,358.814,0.784465,417.64,358.783,0.813902,422.011,357.317,0.715113,405.771,238.409,0.754487,379.426,295.68,0.828147,355.903,350.049,0.816904,357.356,360.339,0.810857,325.082,339.771,0.784728,330.921,347.03,0.811673,0,0
64,2.56,398.518,164.987,0.695259,402.842,238.415,0.747541,405.841,238.402,0.708633,421.992,298.606,0.820403,444.051,351.499,0.766461,452.81,358.788,0.781933,417.633,358.803,0.859994,422.011,357.339,0.754239,394.142,238.431,0.770376,369.144,297.128,0.857426,347.112,351.508,0.840061,348.571,360.351,0.795472,322.054,344.122,0.802876,323.542,347.138,0.868981,0,0
65,2.6,392.58,164.974,0.749329,392.615,238.409,0.776479,395.559,238.398,0.707931,414.593,295.701,0.795984,442.566,348.537,0.792869,452.77,355.911,0.770989,417.628,358.876,0.812049,421.987,357.407,0.722855,386.766,238.416,0.724875,358.85,297.101,0.86046,345.652,352.969,0.838721,348.546,360.366,0.80935,316.241,348.581,0.824289,322.127,355.918,0.896343,0,0
66,2.64,382.338,166.462,0.770652,382.303,239.826,0.772261,386.72,239.81,0.673646,404.41,297.157,0.858554,441.047,347.052,0.840792,451.302,351.528,0.727015,417.569,358.879,0.829201,419.101,357.399,0.741217,379.359,239.853,0.743011,351.522,298.55,0.824966,344.153,355.875,0.839088,347.106,361.798,0.815901,313.339,357.314,0.855347,320.684,358.905,0.857782,0,0
67,2.68,372.077,166.437,0.713387,370.618,238.381,0.744631,376.437,236.965,0.64514,392.651,298.597,0.884614,435.202,341.239,0.764918,441.155,345.588,0.781487,417.542,358.852,0.843236,419.074,357.383,0.742205,369.076,238.395,0.735262,345.603,297.145,0.86582,342.671,355.919,0.79465,347.098,361.803,0.808018,311.879,358.858,0.84855,320.599,364.694,0.785389,0,0
68,2.72,367.653,162.083,0.652764,363.228,232.539,0.703006,369.171,231.115,0.69521,377.952,298.587,0.863066,427.843,335.38,0.867862,438.116,336.784,0.764396,416.09,358.898,0.880185,417.593,357.412,0.809763,357.376,232.561,0.744513,336.842,297.174,0.849277,341.24,355.93,0.80766,347.115,361.808,0.816933,311.844,360.285,0.841676,319.182,366.177,0.793088,0,0
69,2.76,358.839,160.635,0.721459,357.336,231.078,0.785796,361.766,229.635,0.711679,361.792,298.611,0.867131,416.032,332.427,0.861899,424.905,330.944,0.769561,407.284,358.814,0.782804,408.81,357.336,0.69788,348.554,232.543,0.74073,335.327,297.145,0.876925,341.232,357.31,0.817502,347.129,361.798,0.82777,311.839,360.279,0.855954,319.172,366.164,0.789353,0,0
70,2.8,348.57,160.583,0.714803,347.109,231.078,0.711748,348.58,229.617,0.610374,347.142,297.118,0.813069,399.957,328.011,0.773598,408.767,325.11,0.747675,394.095,355.888,0.780948,394.113,351.518,0.71178,345.666,233.989,0.76209,333.907,294.224,0.813432,341.189,357.293,0.78983,347.072,361.76,0.829976,311.81,360.288,0.832982,319.158,366.177,0.750676,0,0
71,2.84,345.6,159.171,0.747592,345.572,229.626,0.72025,347.044,229.565,0.649913,336.805,292.742,0.756616,382.374,329.446,0.815611,392.616,329.463,0.769806,374.986,350.043,0.635285,377.915,347.128,0.598735,342.689,231.061,0.714294,332.375,295.683,0.784144,341.216,357.29,0.78813,347.117,360.336,0.830333,311.826,360.305,0.833162,319.187,366.188,0.757655,0,0
72,2.88,336.813,159.069,0.80644,336.786,228.148,0.74907,339.773,228.118,0.635225,326.539,288.409,0.800075,369.1,333.824,0.883307,375.02,333.898,0.780905,355.919,348.572,0.620852,357.371,345.654,0.55499,335.292,228.181,0.79347,325.054,292.749,0.78012,341.208,355.913,0.777254,347.065,360.334,0.831238,311.809,360.296,0.851209,319.197,366.188,0.802554,0,0
73,2.92,333.787,157.659,0.84648,333.803,229.598,0.751385,335.399,229.579,0.654194,311.859,288.289,0.890138,348.603,335.304,0.831961,358.827,336.823,0.749239,325.093,345.587,0.229987,326.552,344.123,0.189773,326.529,229.628,0.746448,323.571,294.224,0.779459,341.203,355.903,0.790907,347.099,358.907,0.891431,311.823,358.908,0.901475,320.605,366.188,0.828045,0,0
74,2.96,323.641,157.678,0.866128,325.08,229.634,0.712174,333.805,229.577,0.6797,303.032,286.839,0.852868,330.92,339.751,0.712207,335.368,345.572,0.295401,311.819,348.603,0.81433,311.899,347.059,0.711307,322.085,231.065,0.743477,322.184,295.708,0.798479,342.645,354.416,0.775791,347.147,358.877,0.892702,314.772,358.89,0.856849,322.146,363.272,0.780898,0,0
75,3,320.6,159.085,0.882956,320.67,231.078,0.749429,326.524,231.089,0.671164,298.594,285.425,0.884314,310.434,338.306,0.809092,314.774,345.678,0.768118,291.266,347.102,0.759618,292.757,345.597,0.686956,311.879,231.089,0.762334,322.091,297.172,0.835788,344.112,352.947,0.779446,348.567,358.921,0.860116,311.814,360.278,0.881853,320.653,366.172,0.778708,0,0
76,3.04,311.845,159.135,0.917519,311.906,232.533,0.742827,322.097,231.083,0.70871,289.839,286.856,0.879629,291.278,345.562,0.821913,297.173,350.052,0.80245,269.247,344.134,0.726971,275.075,341.201,0.668581,307.439,232.547,0.72222,319.154,297.139,0.800306,342.681,354.408,0.780709,347.164,360.317,0.874164,311.863,360.296,0.857398,320.652,366.183,0.759136,0,0
77,3.08,304.518,160.599,0.849246,308.86,229.663,0.767104,314.768,229.665,0.72868,288.309,286.891,0.883604,275.189,344.148,0.857227,276.672,350.038,0.838475,251.662,335.407,0.795428,254.58,335.338,0.737726,298.67,231.06,0.782528,313.35,292.772,0.777499,342.654,354.446,0.768669,347.156,360.291,0.861445,311.809,360.3,0.846199,320.6,366.191,0.743541,0,0
78,3.12,298.64,163.507,0.883096,300.06,234.023,0.76563,308.912,233.991,0.695012,280.99,288.351,0.831697,263.436,342.705,0.839362,264.875,350.068,0.821283,239.901,333.878,0.766238,242.829,333.835,0.700231,292.755,234.028,0.713859,311.828,298.563,0.840857,339.767,355.856,0.780846,347.117,358.911,0.877352,311.802,360.358,0.812074,320.602,367.629,0.750346,0,0
79,3.16,289.788,164.985,0.85861,294.198,235.452,0.734342,300.122,234.018,0.737692,275.092,288.289,0.874938,256.055,344.166,0.792116,260.416,351.527,0.743579,231.102,335.338,0.762563,236.943,335.286,0.714705,286.878,235.495,0.751362,308.899,300.043,0.838112,338.285,354.448,0.794301,347.095,358.847,0.900468,311.833,361.762,0.805774,320.661,367.617,0.774399,0,0
80,3.2,285.355,167.878,0.842135,286.825,235.464,0.778354,292.738,234.033,0.684357,264.805,288.344,0.898398,253.115,345.612,0.860598,256.053,352.968,0.732321,229.572,342.673,0.753293,232.539,339.748,0.686776,276.664,235.489,0.74735,300.055,298.614,0.864885,335.413,351.48,0.801707,345.665,357.307,0.882343,311.822,361.785,0.788282,320.666,366.191,0.755478,0,0
81,3.24,276.565,167.899,0.907117,276.578,238.371,0.784552,285.413,235.496,0.711309,257.482,288.348,0.844643,251.699,345.679,0.898831,256.028,354.447,0.796502,228.06,347.171,0.806401,229.581,347.053,0.802976,269.278,238.407,0.731668,292.759,300.093,0.833695,335.283,348.553,0.849288,345.578,354.411,0.822596,310.39,361.795,0.800186,320.61,364.733,0.737671,0,0
82,3.28,267.82,167.858,0.838948,270.716,235.485,0.744267,276.647,234.03,0.739421,251.605,288.342,0.893242,251.592,345.682,0.855909,254.562,354.413,0.833202,226.628,351.507,0.787692,228.166,348.54,0.788285,263.361,236.961,0.756505,279.545,300.082,0.842305,329.491,345.675,0.831613,336.857,347.065,0.80274,310.354,361.766,0.796231,319.179,361.8,0.728246,0,0
83,3.32,263.373,166.441,0.895351,263.34,236.952,0.778415,270.744,236.937,0.698522,245.769,289.856,0.810705,251.549,347.04,0.863242,253.184,354.445,0.837436,225.22,351.518,0.806372,228.156,348.56,0.7983,253.144,238.395,0.77467,263.436,298.647,0.834071,319.172,338.256,0.787763,326.54,336.817,0.806265,304.487,361.76,0.771028,311.856,358.902,0.793561,0,0
84,3.36,254.618,164.977,0.844592,254.58,233.989,0.750641,264.791,233.988,0.752253,245.741,291.269,0.779952,250.162,345.667,0.849732,253.132,354.43,0.846617,225.197,351.523,0.787108,228.159,348.578,0.760241,248.685,234.007,0.727889,247.197,297.143,0.781934,304.518,333.883,0.799975,316.228,332.38,0.717755,298.618,360.288,0.78286,301.543,357.424,0.761798,0,0
85,3.4,251.607,162.069,0.893073,251.582,232.567,0.765106,260.429,234.007,0.691206,242.828,297.132,0.823351,250.116,347.055,0.849599,253.099,354.446,0.874038,225.171,352.955,0.791401,228.132,348.596,0.751728,241.329,232.561,0.762656,239.83,298.659,0.855507,288.405,332.408,0.821176,300.11,329.465,0.730478,286.822,357.376,0.698345,288.343,354.435,0.706899,0,0
86,3.44,242.854,160.622,0.854574,242.851,232.544,0.744265,253.093,232.551,0.751583,241.358,295.694,0.850766,248.712,345.671,0.856885,253.085,351.528,0.817513,225.192,351.513,0.806267,228.159,348.573,0.764452,236.935,232.534,0.730819,228.099,297.15,0.842195,275.179,332.42,0.833259,286.862,332.36,0.747238,264.91,355.853,0.636179,270.698,351.477,0.632707,0,0
87,3.48,239.848,160.614,0.896142,239.937,229.586,0.771872,250.167,229.598,0.719535,239.871,289.854,0.842471,250.116,345.662,0.812118,253.105,355.874,0.641547,228.084,352.99,0.803718,229.589,348.599,0.775087,231.083,229.574,0.766286,216.317,289.835,0.837988,254.567,327.984,0.768639,264.894,330.911,0.684324,250.183,348.567,0.465425,254.598,347.056,0.535102,0,0
88,3.52,231.045,159.148,0.882804,234.033,229.622,0.721848,241.376,229.581,0.718347,239.876,289.789,0.844041,251.59,345.677,0.831388,256.056,352.953,0.63002,225.19,357.349,0.290364,228.042,354.456,0.247449,228.098,231.058,0.742223,204.644,288.396,0.904699,241.326,344.164,0.800082,250.162,347.166,0.721486,220.801,357.386,0.731905,228.073,357.426,0.737164,0,0
89,3.56,228.069,159.166,0.881011,228.169,229.591,0.787706,236.906,228.133,0.693455,239.84,289.792,0.848663,250.113,345.628,0.840447,253.079,351.523,0.859208,228.184,345.657,0.134458,0,0,0,219.376,231.084,0.73511,194.409,288.351,0.909574,225.181,347.059,0.828609,231.1,350.05,0.72176,198.736,358.856,0.827339,206.055,360.342,0.882773,0,0
90,3.6,217.925,160.574,0.867036,223.749,229.64,0.727113,229.658,228.156,0.713796,236.953,289.795,0.819413,250.156,345.631,0.840729,253.153,352.973,0.794972,226.637,351.498,0.786668,229.564,348.529,0.702919,216.375,232.542,0.7287,192.809,288.355,0.893197,203.186,350.058,0.826871,209.044,357.425,0.824041,175.247,357.411,0.814238,182.561,360.3,0.893521,0,0
91,3.64,216.308,160.613,0.856187,216.422,229.64,0.774527,225.168,228.174,0.701783,232.516,289.798,0.809048,250.151,345.633,0.835537,253.152,352.984,0.794204,223.713,351.503,0.691733,228.138,348.563,0.665883,207.591,232.541,0.702624,184.084,289.836,0.836182,182.645,352.963,0.8332,191.39,358.905,0.75765,156.171,354.408,0.773266,159.15,357.395,0.864161,0,0
92,3.68,207.551,162.054,0.843734,210.539,231.113,0.715978,217.909,229.605,0.730667,229.594,289.864,0.839463,250.134,345.654,0.833499,253.151,354.406,0.793949,225.165,351.499,0.728559,228.158,348.572,0.709279,203.19,235.487,0.703679,181.185,294.223,0.857941,169.413,351.477,0.847948,172.313,358.889,0.847525,141.478,347.032,0.848851,145.879,351.493,0.85184,0,0
93,3.72,203.169,165.002,0.836282,206.048,231.08,0.787851,213.466,229.595,0.731775,226.645,289.798,0.826619,250.118,345.633,0.822314,253.166,352.974,0.802521,223.746,352.943,0.713635,228.14,348.585,0.697848,197.284,234.026,0.697671,179.611,289.803,0.808736,159.093,348.567,0.855291,160.622,358.862,0.816325,134.103,341.2,0.793093,135.572,345.675,0.87681,0,0
94,3.76,194.341,166.475,0.872837,197.271,236.955,0.729103,206.103,232.561,0.720384,219.382,291.308,0.802212,248.705,345.601,0.813193,253.171,350.07,0.809475,223.752,352.964,0.722013,228.136,348.6,0.70312,189.939,239.875,0.701006,169.39,295.713,0.856703,157.604,348.615,0.847759,159.154,358.842,0.833662,129.736,345.575,0.828223,134.093,348.556,0.846127,0,0
95,3.8,189.965,167.948,0.852818,191.418,238.374,0.767522,197.316,234.025,0.704019,216.339,292.758,0.846101,245.787,345.594,0.799161,253.12,350.006,0.795701,222.289,354.416,0.757076,228.095,350.016,0.715578,181.152,239.863,0.75347,160.559,297.1,0.829136,156.14,351.478,0.808015,159.12,358.87,0.830357,123.872,348.541,0.827688,129.746,355.878,0.794425,0,0
96,3.84,181.174,167.911,0.889098,181.199,236.941,0.783123,191.396,233.996,0.712131,206.068,291.305,0.862863,241.37,341.201,0.810663,251.578,345.634,0.84069,223.735,354.432,0.757868,228.11,350.041,0.708789,172.331,239.827,0.731265,157.581,297.159,0.850252,148.879,352.958,0.804247,157.586,358.871,0.812489,123.885,355.868,0.82247,129.725,358.79,0.843806,0,0
97,3.88,173.805,167.907,0.844205,173.805,238.383,0.729754,182.679,235.453,0.712878,195.847,294.243,0.820631,239.819,336.83,0.828946,245.741,342.69,0.781156,222.255,354.417,0.794388,226.673,350.021,0.723315,166.417,239.872,0.695446,147.397,298.605,0.895059,148.841,352.966,0.825277,157.589,358.857,0.819523,123.884,357.337,0.791922,131.185,358.872,0.831836,0,0
98,3.92,169.342,167.946,0.890711,169.339,239.887,0.759002,179.627,238.423,0.698641,184.087,295.7,0.845198,229.645,335.293,0.870425,239.898,335.383,0.80991,219.376,352.952,0.779796,225.214,348.601,0.692154,157.678,241.354,0.746648,145.9,298.674,0.890902,148.843,354.407,0.817193,157.604,358.866,0.815907,123.875,357.368,0.796773,131.176,358.899,0.806921,0,0
99,3.96,160.558,166.449,0.867915,160.617,238.436,0.730975,170.879,238.384,0.717977,172.297,295.676,0.852474,220.804,330.95,0.816686,229.617,330.926,0.821462,216.433,351.489,0.833931,217.915,348.566,0.755034,153.26,239.893,0.709848,142.959,298.597,0.834448,147.444,352.957,0.811926,157.574,358.848,0.812402,123.855,357.357,0.796184,129.757,358.881,0.801478,0,0
100,4,157.624,165,0.883192,157.689,238.388,0.75889,169.363,236.969,0.733143,160.584,291.324,0.814094,207.631,325.105,0.812436,217.91,325.11,0.801865,204.689,348.57,0.721885,206.169,347.09,0.66169,147.384,238.401,0.751979,140.02,298.551,0.793937,147.439,352.941,0.798018,157.58,358.833,0.802649,123.874,357.344,0.760522,131.186,358.874,0.779986,0,0
101,4.04,150.277,162.049,0.856116,153.257,234.031,0.693584,163.493,235.476,0.683199,151.753,289.837,0.808415,197.28,325.125,0.807172,206.12,327.996,0.772444,191.421,345.582,0.611096,192.925,344.132,0.542015,144.377,234.002,0.701369,137.075,298.555,0.820672,148.809,352.938,0.809667,157.6,358.793,0.844874,123.907,357.365,0.766588,132.628,358.886,0.793386,0,0
102,4.08,145.903,162.035,0.901654,147.394,234.013,0.754211,159.106,234.025,0.748734,145.823,288.389,0.873992,184.08,329.484,0.815527,192.926,332.354,0.802032,173.79,347.12,0.662287,176.748,345.61,0.566209,137.054,233.987,0.742263,135.612,295.692,0.845584,147.441,352.942,0.818139,157.573,358.784,0.814669,123.88,357.384,0.782918,131.199,358.905,0.820445,0,0
103,4.12,140.026,159.196,0.876497,145.854,231.054,0.750232,157.614,231.056,0.733695,140.029,286.929,0.834796,170.797,333.862,0.858228,176.733,335.387,0.756356,157.606,345.663,0.325502,159.1,344.099,0.249053,134.075,231.074,0.749695,134.142,291.274,0.825995,147.443,350.046,0.791483,157.57,357.357,0.826902,123.926,357.382,0.792066,132.652,358.906,0.816954,0,0
104,4.16,135.583,160.584,0.912996,140.039,231.102,0.740551,151.76,232.525,0.719103,134.136,286.852,0.828182,159.109,336.8,0.846076,167.882,342.666,0.689363,135.558,347.06,0.191416,137.053,344.14,0.154175,129.715,231.098,0.730533,132.638,289.788,0.78193,147.445,350.048,0.821392,157.572,357.32,0.870639,123.88,357.394,0.873407,131.214,360.296,0.829777,0,0
105,4.2,132.704,160.563,0.904471,135.653,231.111,0.786873,147.369,231.112,0.774359,131.192,285.411,0.722266,145.918,341.205,0.68089,154.693,345.654,0.249814,123.858,350.01,0.46236,126.78,347.129,0.392346,123.929,232.537,0.752803,125.327,288.299,0.806096,148.802,348.56,0.772882,157.618,357.349,0.786421,123.855,357.37,0.781896,131.222,358.88,0.720299,0,0
106,4.24,125.338,160.556,0.891195,134.154,229.638,0.800097,145.889,229.613,0.779709,123.879,282.497,0.771418,132.674,338.303,0.748229,135.555,345.633,0.420364,110.704,345.629,0.833496,112.196,344.121,0.685803,122.425,231.073,0.782297,123.905,286.863,0.792156,147.347,347.134,0.817428,157.577,357.359,0.791304,122.438,357.321,0.841045,129.729,358.886,0.761838,0,0
107,4.28,122.391,160.606,0.917835,131.228,231.062,0.759235,142.958,229.649,0.740826,122.353,286.85,0.816204,122.312,339.733,0.67916,122.4,347.077,0.629542,98.8831,342.705,0.723022,100.379,341.195,0.608657,120.896,231.1,0.756012,125.359,286.917,0.772948,147.413,347.14,0.743267,156.188,357.368,0.694378,126.812,358.781,0.53329,132.658,358.889,0.575406,0,0
108,4.32,117.979,160.62,0.86425,125.357,232.528,0.777832,137.076,231.114,0.776567,119.467,286.902,0.835064,110.711,342.687,0.845205,112.187,348.556,0.816636,87.1943,339.722,0.800461,90.0984,336.833,0.725026,113.639,232.564,0.737585,123.925,288.322,0.823542,148.825,348.58,0.803122,157.633,357.408,0.803891,125.358,357.401,0.760944,132.665,358.87,0.733469,0,0
109,4.36,112.175,162.052,0.879307,123.806,232.52,0.793886,134.206,231.071,0.794121,112.167,286.926,0.873488,109.203,344.121,0.839021,112.063,348.623,0.833486,85.6452,339.763,0.772395,88.5577,336.861,0.748171,112.075,233.995,0.774403,123.87,288.408,0.841549,148.805,348.609,0.808556,157.633,357.415,0.832733,125.318,357.407,0.76181,132.639,358.889,0.718681,0,0
110,4.4,110.676,163.529,0.887729,120.929,232.57,0.757116,132.644,231.082,0.745026,112.07,288.311,0.857604,107.686,345.574,0.791103,110.614,351.486,0.765538,84.1871,344.17,0.728612,87.1191,342.696,0.682985,110.582,236.914,0.752205,120.919,289.787,0.768697,147.398,348.569,0.782188,157.589,357.378,0.758597,123.93,357.429,0.722984,131.177,358.867,0.706348,0,0
111,4.44,109.148,165,0.851821,115.033,234.033,0.742023,125.347,233.994,0.748078,109.139,288.361,0.82534,103.342,345.569,0.81686,110.609,350.022,0.819973,81.2687,347.075,0.801565,87.0825,345.62,0.764174,104.775,236.915,0.711302,119.439,292.727,0.759609,147.396,348.57,0.823076,157.609,357.343,0.839025,125.331,358.797,0.750956,134.082,360.283,0.732173,0,0
112,4.48,101.848,163.507,0.855033,112.075,232.549,0.78473,122.446,231.08,0.788039,104.767,288.392,0.801831,103.288,345.57,0.83399,110.583,350.003,0.83286,79.826,348.56,0.773393,85.6862,347.074,0.740552,100.371,235.469,0.754307,112.155,291.278,0.802171,147.307,347.129,0.837841,156.193,355.887,0.790696,123.826,358.786,0.803543,131.185,358.911,0.739678,0,0
113,4.52,100.329,162.074,0.893507,110.593,234.025,0.761691,122.313,232.522,0.73405,106.211,291.274,0.800525,101.892,345.592,0.841298,109.175,350.029,0.835717,81.2876,347.128,0.779709,87.109,347.029,0.735213,98.8675,236.963,0.74447,106.219,294.242,0.790228,145.88,347.115,0.869205,154.727,354.417,0.753117,122.415,358.773,0.819101,128.265,358.919,0.743376,0,0
114,4.56,98.8238,162.051,0.888292,104.762,234.032,0.724261,116.521,234.02,0.70549,103.305,294.194,0.800162,101.89,345.555,0.842329,109.183,348.606,0.841071,81.2552,347.118,0.793309,87.0864,345.675,0.743228,93.0069,235.492,0.712773,100.407,298.6,0.841647,141.469,344.132,0.808771,148.85,345.666,0.816611,122.326,358.794,0.834325,125.321,358.87,0.805211,0,0
115,4.6,94.4764,160.607,0.875794,101.819,235.463,0.756981,113.597,234.012,0.742043,104.79,292.764,0.800202,101.852,345.547,0.855508,109.149,348.585,0.821212,79.8337,347.129,0.804318,85.6977,345.676,0.756146,90.0586,236.936,0.748408,95.9405,297.161,0.812377,135.579,338.29,0.839132,145.915,342.692,0.809566,117.964,358.802,0.832431,122.414,358.824,0.882312,0,0
116,4.64,90.1041,160.588,0.90084,100.334,233.993,0.780708,112.126,232.558,0.764536,101.868,289.836,0.83927,101.858,345.543,0.842237,109.128,348.607,0.703584,81.2923,347.151,0.835443,87.0776,345.691,0.795816,87.194,234.031,0.765612,88.5549,295.668,0.840352,128.267,335.367,0.809693,138.587,338.3,0.727575,112.103,357.337,0.807486,119.424,357.33,0.787857,0,0
117,4.68,88.6003,160.572,0.9293,98.8908,231.074,0.76482,110.658,231.056,0.759773,101.825,288.417,0.829391,101.87,345.553,0.786277,106.243,351.484,0.433671,82.7347,348.551,0.841604,87.0773,347.063,0.817427,87.0715,231.101,0.752783,84.2074,294.192,0.759588,122.371,336.787,0.824855,134.089,342.648,0.753637,101.868,354.439,0.598022,110.613,355.874,0.650742,0,0
118,4.72,87.2086,159.187,0.940934,95.9824,229.597,0.729926,109.128,229.585,0.724145,100.407,286.921,0.83376,103.319,344.132,0.702483,110.672,347.055,0.200148,81.261,347.136,0.709577,85.6505,347.034,0.630601,84.1964,229.595,0.726753,79.8117,291.293,0.763837,113.606,341.224,0.752092,123.891,345.632,0.760937,88.6662,350.031,0.617422,97.4202,354.413,0.579121,0,0
119,4.76,87.0839,159.169,0.931646,94.4866,229.608,0.732857,106.225,229.583,0.731918,100.435,286.914,0.850446,110.62,341.197,0.738057,120.867,345.666,0.437279,84.1819,348.539,0.357126,87.1007,347.061,0.357803,82.7411,229.614,0.724933,76.8451,289.837,0.847811,106.249,344.14,0.768753,113.587,347.153,0.728872,82.7653,352.977,0.711985,87.1938,357.311,0.747088,0,0
120,4.8,82.7168,159.112,0.904623,90.1415,229.594,0.728249,101.862,228.164,0.73123,101.807,288.388,0.847507,109.135,345.568,0.785769,113.592,348.603,0.52396,78.326,351.492,0.224541,78.3856,348.528,0.20867,79.81,229.619,0.721739,76.8884,291.273,0.821133,100.354,347.052,0.873731,109.154,351.506,0.79005,75.411,355.882,0.824702,78.3845,357.393,0.804436,0,0
121,4.84,79.785,159.123,0.91352,88.6867,229.61,0.746201,100.416,228.175,0.749613,100.438,288.381,0.852329,109.136,345.547,0.802152,112.192,348.589,0.662648,75.3888,352.928,0.0861406,76.9342,347.109,0.0829515,78.3326,229.644,0.734015,76.9135,291.301,0.801996,97.4136,347.108,0.838375,101.858,355.85,0.787453,68.0671,355.845,0.796355,75.3882,357.41,0.846786,0,0
122,4.88,76.9484,159.163,0.921309,88.6059,231.061,0.761564,100.334,229.617,0.777316,100.401,288.361,0.875511,109.128,344.138,0.802936,112.101,348.531,0.752057,76.9122,347.141,0.0588306,0,0,0,76.8831,231.103,0.739662,76.9477,291.297,0.795061,94.4626,347.122,0.807793,100.372,354.457,0.807769,68.0768,355.89,0.772625,75.3919,358.774,0.823802,0,0
123,4.92,76.8664,159.185,0.92998,87.1801,234.01,0.747703,98.9266,232.525,0.744968,100.36,288.351,0.888943,109.119,344.122,0.796499,112.099,347.155,0.764264,78.3298,347.083,0.0563472,0,0,0,75.4151,235.492,0.726658,76.9396,291.315,0.791911,94.5038,347.115,0.812155,100.394,354.447,0.817502,69.5172,355.899,0.77201,75.4176,358.777,0.8291,0,0
124,4.96,76.8065,159.171,0.945398,87.1092,229.609,0.754211,98.84,229.575,0.749058,100.319,286.909,0.87402,107.724,344.121,0.793431,112.092,348.532,0.759641,76.8906,347.089,0.0595328,0,0,0,75.3379,229.646,0.720266,76.915,289.824,0.806098,94.4639,347.122,0.80469,100.369,355.854,0.811463,68.0669,355.907,0.76645,75.3838,358.787,0.820306,0,0
125,5,75.3963,159.155,0.947591,85.6424,229.564,0.728203,97.3726,228.153,0.711474,98.964,286.888,0.871258,107.712,344.105,0.788462,112.102,347.162,0.756701,76.8822,347.083,0.0664101,84.227,339.788,0.050386,73.8841,229.597,0.713995,76.9401,289.827,0.794325,94.4916,347.125,0.803631,100.382,355.862,0.814718,68.0675,355.904,0.775308,75.3997,358.784,0.824009,0,0
126,5.04,75.3586,159.153,0.936822,82.7571,229.573,0.72899,94.4698,228.143,0.717658,98.9247,286.828,0.851892,107.703,341.24,0.768733,112.11,347.111,0.756504,76.8917,347.074,0.0669336,0,0,0,71.0158,229.61,0.714906,78.3306,288.381,0.808091,95.9297,347.081,0.807498,100.414,354.417,0.809711,69.5144,355.896,0.762902,75.4364,358.774,0.816418,0,0
127,5.08,73.9374,159.166,0.916154,81.2678,228.132,0.743417,91.546,228.076,0.730792,98.908,286.818,0.845804,107.724,342.695,0.78018,112.135,347.155,0.749796,75.4584,348.546,0.0645259,0,0,0,71.0041,228.177,0.730036,78.3643,288.397,0.801072,94.4942,347.109,0.808795,100.393,355.853,0.809604,66.6293,355.904,0.78602,75.3761,358.791,0.820668,0,0
128,5.12,72.451,159.174,0.895063,78.3783,229.583,0.74747,90.1013,228.142,0.75591,98.8907,286.846,0.85041,107.715,342.702,0.783201,112.132,347.157,0.751057,75.4616,348.551,0.0698035,0,0,0,68.0426,229.624,0.725537,78.3176,289.799,0.804246,94.5048,347.115,0.807703,100.398,355.856,0.809073,68.0417,355.902,0.779484,75.3884,358.792,0.81494,0,0
129,5.16,68.0926,159.143,0.896035,76.9492,229.633,0.760749,88.7019,229.571,0.764884,98.8546,286.875,0.859271,107.69,344.123,0.78904,112.105,348.541,0.742127,76.8139,348.553,0.0711476,78.3697,347.064,0.052703,65.1865,231.078,0.738906,76.9266,289.823,0.809027,94.491,347.13,0.80064,100.391,355.873,0.795144,68.0408,355.919,0.782743,75.3861,358.8,0.819582,0,0
130,5.2,66.6409,159.168,0.905103,76.9401,231.08,0.757535,90.0571,229.635,0.758777,98.8683,286.9,0.85821,107.712,344.1,0.78525,112.118,347.154,0.742923,76.8643,347.126,0.0662053,0,0,0,65.1591,232.555,0.734126,76.9076,291.277,0.805188,94.5119,347.124,0.806715,100.405,355.861,0.802238,68.0513,355.916,0.777459,75.3857,358.797,0.81621,0,0
131,5.24,66.6019,159.167,0.9149,76.9169,232.55,0.748273,88.677,231.072,0.757774,98.8583,286.929,0.860627,107.714,344.104,0.788206,112.122,347.152,0.749911,75.4566,348.547,0.068188,78.4007,345.627,0.0501835,65.1393,235.474,0.732678,76.9214,292.742,0.795462,94.5057,347.133,0.807517,100.401,355.867,0.807184,66.6336,355.92,0.789236,75.3703,358.806,0.82273,0,0
132,5.28,65.1871,159.172,0.927078,76.913,234.034,0.75233,88.6831,232.522,0.753986,98.8345,288.294,0.855501,107.698,342.704,0.7822,112.116,347.14,0.746997,76.8407,347.123,0.0719643,81.2832,342.685,0.0523336,65.1222,236.964,0.745772,76.905,292.739,0.795647,94.5086,347.13,0.804811,100.397,355.861,0.800527,68.033,355.896,0.780282,75.3761,358.793,0.812734,0,0
133,5.32,65.157,159.173,0.931471,76.8696,233.994,0.765718,88.6355,231.08,0.773148,98.8185,288.288,0.846394,107.703,344.128,0.794452,112.111,347.168,0.745589,75.4484,348.552,0.0745537,79.7958,344.147,0.0519139,65.0784,236.936,0.755578,76.8911,291.304,0.801479,94.4971,347.14,0.803593,100.393,355.88,0.800647,66.623,355.93,0.790728,75.3701,358.815,0.815757,0,0
134,5.36,65.1368,159.174,0.934773,76.8437,235.462,0.769263,88.6162,231.118,0.769053,98.8119,288.291,0.839142,107.693,344.131,0.791722,112.103,348.537,0.743326,76.8095,348.546,0.0748217,79.8075,344.159,0.0545925,63.7103,238.384,0.759396,76.8808,292.729,0.795866,94.4957,347.138,0.800649,100.391,355.877,0.796665,66.6256,357.286,0.78862,75.3797,358.818,0.814882,0,0
135,5.4,65.1234,159.178,0.933941,76.8217,234.002,0.769109,88.6067,231.075,0.780413,97.4172,286.906,0.829402,107.696,344.116,0.791774,112.108,347.161,0.75288,75.4456,348.592,0.0763692,78.3554,347.086,0.0533304,63.6764,236.948,0.753534,76.8495,289.859,0.813661,94.4752,347.128,0.806996,100.384,355.859,0.796887,66.6288,357.291,0.799287,75.3857,358.818,0.8247,0,0
136,5.44,65.0983,159.186,0.933483,76.8128,231.11,0.774657,88.6046,229.628,0.780946,97.4316,286.879,0.826267,107.687,344.108,0.786844,112.099,347.164,0.75621,75.4454,348.582,0.0782846,78.3465,345.622,0.0583905,63.6617,235.47,0.741471,76.8145,289.83,0.816073,94.4749,347.129,0.803074,100.384,355.868,0.798602,66.6267,357.287,0.797273,75.3768,358.816,0.824686,0,0
137,5.48,65.0814,159.179,0.935349,75.456,231.064,0.779821,88.5865,229.575,0.787292,97.4157,286.839,0.814703,107.691,344.109,0.786717,112.101,347.166,0.756842,75.4515,348.583,0.0777805,78.3522,345.613,0.0579029,63.6223,234.006,0.733464,75.4605,289.807,0.813842,94.4704,347.128,0.80129,100.381,355.867,0.795395,66.6279,357.287,0.793546,75.3782,358.815,0.820102,0,0
138,5.52,65.0651,159.192,0.934387,75.4546,231.059,0.782209,88.5861,229.579,0.788777,97.3983,286.833,0.811068,107.674,344.105,0.783,112.091,347.169,0.750489,75.4164,350.003,0.0795379,78.3465,345.603,0.06193,63.617,233.992,0.735365,75.4583,289.798,0.817925,94.4649,347.132,0.797934,100.375,355.879,0.797873,66.6275,355.928,0.78721,75.3643,358.808,0.814191,0,0
139,5.56,65.056,159.183,0.934727,75.4124,229.647,0.783084,87.2141,229.564,0.78881,97.3995,286.843,0.819437,107.674,344.11,0.785943,112.088,347.169,0.755294,75.4277,348.573,0.0797544,78.3605,344.162,0.0580739,62.2101,232.528,0.728031,75.4574,289.797,0.823724,94.463,347.13,0.802182,100.371,355.868,0.797311,66.6191,355.928,0.791513,75.3566,358.807,0.817507,0,0
140,5.6,63.7139,159.187,0.931236,75.4046,229.643,0.780227,87.2092,229.574,0.785,97.3971,286.86,0.823157,107.677,344.113,0.786464,112.087,347.171,0.753274,75.4408,348.581,0.0777037,78.3566,345.613,0.0566903,62.1868,231.107,0.731895,75.4365,288.414,0.824844,94.4621,347.13,0.802149,100.371,355.869,0.797757,66.6219,355.928,0.789526,75.359,358.805,0.817466,0,0
141,5.64,63.6961,159.179,0.936069,75.4108,229.63,0.781782,87.2008,228.179,0.783752,97.3956,286.859,0.819167,107.693,344.126,0.79016,112.102,348.544,0.748539,75.4688,348.6,0.0698087,78.3449,347.101,0.0507039,63.5802,231.108,0.738432,75.4376,288.381,0.831495,94.4637,347.118,0.804007,100.372,355.856,0.786217,66.6248,357.287,0.782483,75.3735,358.805,0.812784,0,0
142,5.68,63.6796,159.171,0.938746,75.3945,229.603,0.781674,87.1879,228.158,0.779978,97.3885,286.853,0.8151,107.695,344.111,0.786675,112.115,347.17,0.749232,75.4437,348.551,0.0716446,78.3368,345.619,0.0507272,62.1981,231.067,0.739326,75.4228,288.393,0.829622,94.4692,347.128,0.802318,100.386,355.875,0.79526,66.602,357.292,0.789935,75.3537,358.818,0.813201,0,0
143,5.72,63.6932,159.175,0.938627,75.3965,229.599,0.78262,87.1833,228.161,0.779086,97.3846,286.864,0.813407,107.695,344.118,0.788625,112.116,348.536,0.749193,75.4488,348.565,0.0719593,78.3386,345.637,0.0509097,62.2065,231.053,0.737864,75.4177,288.393,0.825635,94.4689,347.129,0.801895,100.384,355.875,0.79241,66.6023,357.295,0.788509,75.3541,358.819,0.810063,0,0
144,5.76,63.6845,159.175,0.941075,75.3846,229.626,0.773737,87.1742,229.562,0.779182,97.3778,286.858,0.806894,107.685,344.114,0.784181,112.123,348.535,0.738606,75.4356,348.584,0.0782366,76.946,347.072,0.0572719,62.1961,231.089,0.731997,75.4441,288.409,0.816803,94.4741,347.127,0.797844,100.388,355.876,0.789194,66.6108,355.925,0.786125,75.3648,358.809,0.806459,0,0
145,5.8,63.6771,159.18,0.938202,75.403,229.643,0.774568,87.1907,229.582,0.779465,97.3668,286.882,0.81276,107.693,344.109,0.78614,112.12,347.17,0.751068,75.4311,348.571,0.0734441,78.3228,345.62,0.0548161,63.5863,232.517,0.729876,75.4455,289.806,0.814299,94.4857,347.129,0.802852,100.394,355.879,0.801242,66.6058,357.284,0.793874,75.3523,358.813,0.815151,0,0
146,5.84,63.6764,159.174,0.941049,75.3946,229.618,0.777287,87.1851,229.561,0.777921,95.9221,286.859,0.804336,107.706,344.113,0.789973,112.129,348.535,0.751435,75.4326,348.575,0.0739348,78.344,345.637,0.0542028,62.2066,231.077,0.735048,75.4204,289.807,0.819379,94.4847,347.135,0.803273,100.394,355.885,0.800962,66.6111,357.287,0.794189,75.3565,358.813,0.815778,0,0
147,5.88,63.6757,159.178,0.939904,75.4096,231.047,0.774216,87.1894,229.596,0.781078,94.4701,286.881,0.804122,107.689,344.117,0.792365,112.109,347.172,0.762477,75.4314,348.564,0.0774968,78.3346,345.621,0.055716,63.5961,232.533,0.73367,75.4267,289.838,0.816015,94.463,347.142,0.803537,100.376,355.879,0.809329,66.6021,355.931,0.802276,75.3371,358.81,0.819476,0,0
148,5.92,63.6763,159.177,0.939782,75.4298,229.631,0.781691,87.214,229.577,0.781035,91.5867,286.917,0.813207,107.682,344.103,0.78491,112.113,347.155,0.76234,75.3965,348.575,0.0737994,76.8977,347.079,0.0511853,63.6119,231.086,0.748576,75.4064,289.853,0.814259,93.0425,347.129,0.806332,100.378,355.858,0.797296,66.5843,357.299,0.80277,73.9519,358.825,0.816286,0,0
149,5.96,63.7109,159.192,0.932275,75.4354,229.62,0.777713,87.1998,229.575,0.770977,90.1136,288.355,0.830451,107.68,344.162,0.796087,112.131,348.558,0.750705,75.3847,348.589,0.0836478,76.8669,347.074,0.0573955,63.6453,231.073,0.752149,75.4399,292.728,0.80216,93.0483,347.144,0.803974,100.388,355.877,0.790792,66.5825,357.318,0.815586,75.3412,358.843,0.821293,0,0
150,6,65.0774,160.556,0.929422,75.429,231.089,0.759723,87.1709,229.643,0.761729,88.6412,288.408,0.851374,107.683,345.552,0.798565,112.134,348.58,0.74261,75.4287,348.583,0.0851726,78.3259,345.632,0.0569822,63.6602,233.987,0.733925,75.4574,294.206,0.816399,94.4658,348.534,0.797218,100.39,355.909,0.805625,66.6142,357.339,0.812031,75.3777,358.865,0.825185,0,0
151,6.04,65.0757,159.182,0.927814,75.4048,229.614,0.757416,87.1398,229.582,0.740563,87.1555,289.837,0.839182,107.703,345.55,0.801657,112.175,348.569,0.752777,75.3718,348.583,0.0889542,76.8829,347.096,0.0573738,63.6528,231.055,0.735005,75.3835,294.215,0.814911,93.0344,347.169,0.808702,100.395,355.904,0.824746,66.6058,357.336,0.834713,75.3596,358.864,0.852335,0,0
152,6.08,65.1291,159.162,0.912786,75.4629,229.653,0.736383,87.1583,229.646,0.713098,84.2163,289.824,0.803787,109.124,344.143,0.787417,113.576,347.144,0.740824,76.8168,347.065,0.115845,79.8073,341.222,0.0764401,65.124,231.055,0.719502,75.3845,295.666,0.819204,94.4704,348.599,0.80363,100.417,357.317,0.881293,65.1838,357.365,0.873066,73.9224,358.895,0.860696,0,0
153,6.12,65.1565,159.148,0.906685,76.8631,229.627,0.750067,87.1898,229.608,0.743963,79.825,288.412,0.804306,109.134,341.208,0.778168,113.588,345.661,0.767364,78.3476,345.629,0.136334,79.8021,342.663,0.10234,66.5818,229.63,0.732748,75.331,294.217,0.794968,94.513,350.01,0.800223,100.435,357.33,0.913862,65.1846,357.378,0.877651,73.9106,358.91,0.878818,0,0
154,6.16,66.5989,160.569,0.878734,76.8821,229.647,0.735934,87.1615,229.621,0.738153,81.2489,289.812,0.783995,107.727,338.3,0.772357,113.576,345.576,0.751453,78.3313,345.655,0.138351,81.2499,341.209,0.10304,68.0372,229.644,0.723798,75.4077,295.671,0.826372,94.482,348.619,0.796029,100.404,357.328,0.904788,65.1649,357.392,0.888485,73.8879,358.92,0.869052,0,0
