frame,elapsed_time(s),spine-hip_x,spine-hip_y,spine-hip_c,r-hip_x,r-hip_y,r-hip_c,r-knee_x,r-knee_y,r-knee_c,r-ankle_x,r-ankle_y,r-ankle_c,r-heel_x,r-heel_y,r-heel_c,r-bigtoe_x,r-bigtoe_y,r-bigtoe_c,r-smalltoe_x,r-smalltoe_y,r-smalltoe_c,l-hip_x,l-hip_y,l-hip_c,l-knee_x,l-knee_y,l-knee_c,l-ankle_x,l-ankle_y,l-ankle_c,l-heel_x,l-heel_y,l-heel_c,l-bigtoe_x,l-bigtoe_y,l-bigtoe_c,l-smalltoe_x,l-smalltoe_y,l-smalltoe_c
0,0,0.945384,0.445092,0.88889,0.916288,0.425998,0.76178,0.902571,0.423264,0.761138,0.90256,0.535021,0.851394,0.878043,0.641294,0.7865,0.927018,0.665765,0.866355,0.878028,0.646705,0.806058,0.90095,0.635776,0.862481,0.93006,0.428757,0.710202,0.927029,0.540476,0.810001,0.902534,0.671167,0.727245,0.9377,0.232631,0.909649,0.89486,0.663141,0.797186
1,0.04,0.943874,0.447671,0.877948,0.914765,0.428696,0.770889,0.902514,0.425964,0.772596,0.902531,0.535065,0.856248,0.878025,0.641303,0.790206,0.927019,0.665779,0.861087,0.877996,0.646706,0.811589,0.900948,0.635799,0.863263,0.92704,0.434113,0.722786,0.92701,0.545876,0.815446,0.902527,0.671193,0.730751,0.936248,0.232618,0.902624,0.894853,0.665652,0.796016
2,0.08,0.940837,0.447753,0.878436,0.913314,0.426066,0.782779,0.901049,0.425914,0.779204,0.902492,0.535061,0.861948,0.878014,0.641301,0.791658,0.927051,0.665772,0.864953,0.876555,0.646683,0.817031,0.900936,0.638457,0.877365,0.927012,0.431403,0.738395,0.925531,0.54318,0.83248,0.902539,0.671223,0.714536,0.936158,0.232615,0.895564,0.894869,0.665678,0.780964
3,0.12,0.939325,0.447798,0.88975,0.913249,0.428723,0.784628,0.90098,0.426002,0.784706,0.901028,0.537641,0.863124,0.878023,0.641317,0.804567,0.928524,0.665754,0.851139,0.877994,0.646706,0.827951,0.900923,0.638455,0.877115,0.92554,0.434117,0.741324,0.925422,0.545885,0.838165,0.902557,0.671207,0.705427,0.933135,0.232585,0.852534,0.894881,0.66567,0.776343
4,0.16,0.939261,0.447786,0.906799,0.913167,0.42609,0.793004,0.899502,0.425959,0.783834,0.900961,0.537641,0.861166,0.878009,0.641298,0.801633,0.928542,0.665675,0.834093,0.876537,0.646659,0.834639,0.8995,0.638512,0.875825,0.925444,0.428789,0.764108,0.923863,0.545844,0.804862,0.904026,0.671218,0.697767,0.931626,0.232603,0.844245,0.89637,0.66569,0.76542
5,0.2,0.937824,0.447803,0.927723,0.911642,0.428721,0.769076,0.899394,0.426004,0.760719,0.899445,0.535043,0.857421,0.87803,0.641301,0.804573,0.927053,0.66565,0.846011,0.876552,0.646651,0.849943,0.899505,0.638471,0.858353,0.923897,0.431489,0.742751,0.914815,0.54582,0.798672,0.902532,0.671164,0.71945,0.928565,0.238011,0.834741,0.894861,0.665661,0.775694
6,0.24000000000000002,0.937807,0.447859,0.933283,0.910112,0.428716,0.744822,0.897888,0.425993,0.751116,0.899366,0.535097,0.831039,0.878047,0.641323,0.801613,0.927035,0.663067,0.836967,0.878007,0.646702,0.839957,0.899493,0.635826,0.852874,0.920908,0.434131,0.708885,0.911737,0.545864,0.863362,0.902561,0.67121,0.73096,0.925491,0.237949,0.889773,0.894874,0.665705,0.809161
7,0.28,0.937749,0.447927,0.930459,0.905587,0.428781,0.730815,0.894842,0.425997,0.734633,0.896358,0.537708,0.802223,0.879547,0.641326,0.815675,0.925547,0.657556,0.764464,0.878039,0.646678,0.859538,0.899518,0.638461,0.854596,0.917819,0.436916,0.704893,0.901054,0.543175,0.846916,0.904034,0.668457,0.769731,0.923961,0.243407,0.889504,0.896367,0.665653,0.84834
8,0.32,0.937681,0.450453,0.924126,0.902541,0.431473,0.741477,0.891786,0.426077,0.731309,0.897906,0.535068,0.80257,0.879539,0.641349,0.803138,0.925461,0.6441,0.770297,0.878003,0.6467,0.844474,0.900942,0.638434,0.835495,0.914756,0.439616,0.734076,0.891786,0.537782,0.818879,0.902514,0.668447,0.769124,0.922389,0.243438,0.856732,0.896363,0.66571,0.81362
9,0.36,0.936219,0.447922,0.920825,0.901044,0.431389,0.774568,0.890274,0.426046,0.766836,0.899427,0.532235,0.821796,0.876559,0.641338,0.765123,0.922391,0.641157,0.8283,0.876463,0.646707,0.808371,0.900952,0.630364,0.781788,0.913237,0.436876,0.751671,0.885681,0.535063,0.875989,0.899446,0.665686,0.747823,0.919357,0.243462,0.832853,0.890232,0.663061,0.753715
10,0.39999999999999997,0.936146,0.450465,0.906849,0.900999,0.428772,0.79096,0.888793,0.426077,0.784327,0.897945,0.532279,0.810397,0.878025,0.641217,0.485125,0.911727,0.638511,0.775202,0.876513,0.643971,0.5104,0.90257,0.630363,0.741666,0.913208,0.434159,0.759932,0.878036,0.534983,0.873933,0.887166,0.654893,0.718755,0.913303,0.246193,0.91796,0.876529,0.646708,0.753375
11,0.43999999999999995,0.934667,0.447922,0.901125,0.90092,0.428728,0.802876,0.888719,0.426059,0.806417,0.896361,0.535095,0.788856,0.876444,0.646755,0.262179,0.90099,0.641346,0.751978,0.87496,0.657584,0.253258,0.900915,0.641228,0.817114,0.911711,0.431466,0.766119,0.874883,0.532219,0.901803,0.878004,0.660304,0.736879,0.911645,0.246141,0.901865,0.871865,0.654872,0.71671
12,0.4799999999999999,0.928552,0.447792,0.896402,0.897889,0.431386,0.763956,0.887118,0.428723,0.774857,0.893313,0.535023,0.794726,0.88566,0.652077,0.0754546,0.890247,0.644021,0.807191,0.884126,0.6603,0.0970934,0.8995,0.635722,0.824707,0.908644,0.434115,0.723605,0.868797,0.532144,0.873224,0.864288,0.660325,0.845602,0.907104,0.246159,0.862217,0.858108,0.654796,0.770142
13,0.5199999999999999,0.926985,0.447787,0.924689,0.891812,0.428708,0.77633,0.882618,0.426105,0.766518,0.890297,0.53769,0.821823,0.882616,0.643906,0.466433,0.871871,0.652132,0.789084,0.878045,0.649425,0.543658,0.900956,0.638525,0.880877,0.902531,0.428782,0.755682,0.864235,0.532115,0.90375,0.850385,0.660318,0.842671,0.901044,0.248743,0.935174,0.841281,0.652135,0.713281
14,0.5599999999999999,0.923977,0.447861,0.935115,0.888729,0.439564,0.79128,0.878011,0.436843,0.761142,0.890265,0.545887,0.798565,0.876463,0.643973,0.808708,0.852052,0.663055,0.802053,0.874881,0.649433,0.861104,0.900951,0.641133,0.875921,0.899468,0.442253,0.772626,0.862636,0.534859,0.915464,0.829039,0.662897,0.827989,0.899365,0.248783,0.914811,0.825875,0.649421,0.729301
15,0.6,0.920892,0.447861,0.898613,0.887154,0.442241,0.809022,0.87641,0.439633,0.801046,0.888738,0.543111,0.829148,0.876448,0.643976,0.793572,0.839761,0.663146,0.832107,0.873402,0.649398,0.805905,0.900954,0.638547,0.868575,0.897874,0.442287,0.763702,0.856547,0.535035,0.863433,0.815242,0.660219,0.826944,0.89024,0.24888,0.94503,0.81061,0.644075,0.778392
16,0.64,0.913319,0.447872,0.923674,0.878051,0.439647,0.775946,0.870351,0.439604,0.741725,0.887234,0.540392,0.814708,0.876496,0.643984,0.830178,0.825946,0.663078,0.821521,0.874884,0.64936,0.828921,0.900955,0.638534,0.869362,0.888759,0.442319,0.77912,0.851932,0.537769,0.882533,0.802936,0.646726,0.848859,0.887131,0.248984,0.936049,0.79986,0.641151,0.821242
17,0.68,0.910195,0.450598,0.896921,0.876425,0.445067,0.848641,0.864309,0.445024,0.811881,0.887159,0.548531,0.812902,0.876502,0.643972,0.812149,0.815167,0.663072,0.820775,0.874884,0.646755,0.821644,0.900946,0.638557,0.862286,0.887143,0.445117,0.807692,0.845873,0.545823,0.804128,0.790733,0.644015,0.842902,0.878027,0.251752,0.902322,0.787655,0.63847,0.798607
18,0.7200000000000001,0.901069,0.461343,0.8956,0.867327,0.447731,0.794511,0.861114,0.447717,0.784324,0.882611,0.553923,0.802646,0.876471,0.644022,0.79165,0.807564,0.665675,0.772945,0.873434,0.649382,0.794535,0.900907,0.638517,0.856474,0.876543,0.447817,0.790294,0.839664,0.545878,0.877456,0.784578,0.644078,0.8084,0.874937,0.257118,0.887535,0.778512,0.63847,0.821698
19,0.7600000000000001,0.897856,0.466857,0.894065,0.862642,0.450482,0.803974,0.851942,0.450462,0.79732,0.878062,0.556672,0.814748,0.876468,0.644065,0.772572,0.806051,0.665798,0.792387,0.87487,0.649448,0.78516,0.89948,0.635792,0.843957,0.871861,0.45051,0.747818,0.828988,0.548572,0.862446,0.780021,0.657609,0.816754,0.864318,0.257067,0.880985,0.776889,0.644011,0.840668
20,0.8000000000000002,0.887249,0.46684,0.942052,0.853485,0.447859,0.797294,0.844329,0.447792,0.76319,0.873415,0.548594,0.800261,0.876421,0.644087,0.752467,0.806014,0.665718,0.786987,0.873404,0.649476,0.7812,0.897915,0.624916,0.8273,0.862754,0.450509,0.780689,0.822869,0.543097,0.823676,0.778513,0.662959,0.892859,0.86263,0.257077,0.882105,0.773875,0.649461,0.801884
21,0.8400000000000002,0.876548,0.466731,0.914134,0.845835,0.447775,0.786441,0.838126,0.447725,0.792304,0.862738,0.548536,0.835258,0.874917,0.644095,0.771181,0.804552,0.665744,0.7767,0.871857,0.6521,0.790138,0.891767,0.622193,0.842882,0.853494,0.447893,0.772189,0.813753,0.540418,0.902125,0.778476,0.665756,0.884888,0.85201,0.254312,0.92175,0.772357,0.660303,0.812481
22,0.8800000000000002,0.865764,0.464179,0.880239,0.838231,0.447862,0.822622,0.829003,0.44771,0.782369,0.848888,0.551246,0.849389,0.873425,0.646699,0.797784,0.804553,0.665758,0.790199,0.87186,0.654835,0.868138,0.885692,0.619302,0.886602,0.847363,0.450566,0.740264,0.810591,0.543123,0.812925,0.778472,0.665825,0.8932,0.845843,0.251552,0.895425,0.772355,0.662917,0.841941
23,0.9200000000000003,0.855015,0.464014,0.842539,0.829051,0.442284,0.768518,0.824418,0.439537,0.730523,0.832046,0.551273,0.849234,0.8658,0.646625,0.78362,0.806022,0.665732,0.790492,0.86575,0.652154,0.83755,0.874869,0.603043,0.893116,0.838224,0.445005,0.799902,0.806048,0.543172,0.820155,0.778496,0.665825,0.865448,0.839692,0.248873,0.975657,0.773837,0.662914,0.822727
24,0.9600000000000003,0.845856,0.458658,0.807955,0.824416,0.428787,0.767951,0.815183,0.428666,0.790704,0.818274,0.548556,0.816045,0.853551,0.643944,0.725579,0.804557,0.66573,0.813715,0.853506,0.64678,0.777148,0.861123,0.600285,0.900448,0.830562,0.43683,0.715358,0.80448,0.537764,0.871956,0.778501,0.66581,0.869418,0.832043,0.246204,0.876492,0.773846,0.662909,0.835331
25,1.0000000000000002,0.83667,0.458639,0.858562,0.816804,0.439568,0.759454,0.810623,0.434151,0.747657,0.801458,0.545896,0.844827,0.833615,0.641197,0.738619,0.804564,0.663117,0.7768,0.835124,0.644068,0.812024,0.844343,0.600258,0.85774,0.827486,0.44231,0.775136,0.802966,0.540472,0.865432,0.778497,0.665822,0.838394,0.824438,0.240742,0.866451,0.773832,0.662938,0.805741
26,1.0400000000000003,0.824418,0.450492,0.879115,0.81516,0.428747,0.803139,0.804486,0.426063,0.800789,0.789162,0.535061,0.901243,0.815267,0.638429,0.610475,0.804534,0.663139,0.836601,0.815278,0.643907,0.685719,0.827444,0.600473,0.9064,0.824393,0.434137,0.743072,0.801459,0.543143,0.834607,0.778519,0.665773,0.874548,0.816784,0.23262,0.86522,0.773871,0.662887,0.812983
27,1.0800000000000003,0.813619,0.447737,0.898431,0.809114,0.4314,0.773961,0.799918,0.426106,0.811933,0.776937,0.532262,0.931332,0.789216,0.624929,0.36402,0.807575,0.660298,0.754711,0.78923,0.635767,0.403312,0.813608,0.608582,0.811626,0.818271,0.436846,0.732804,0.801362,0.545868,0.815852,0.779999,0.665807,0.819519,0.813676,0.232617,0.903853,0.775396,0.660354,0.816623
28,1.1200000000000003,0.80147,0.444965,0.892823,0.802946,0.425953,0.826416,0.7908,0.423245,0.813364,0.764754,0.52942,0.89311,0.766154,0.641156,0.786413,0.806058,0.663137,0.827009,0.764738,0.644072,0.863885,0.787606,0.622226,0.813597,0.813698,0.428699,0.774785,0.799938,0.543117,0.825693,0.779999,0.66852,0.77737,0.803015,0.229942,0.918798,0.775367,0.663104,0.844561
29,1.1600000000000004,0.79066,0.444993,0.882942,0.798368,0.425891,0.801173,0.787656,0.423211,0.789601,0.754053,0.524069,0.850667,0.741685,0.641135,0.757016,0.806031,0.665674,0.852129,0.740215,0.643993,0.788869,0.76461,0.624972,0.838425,0.807542,0.426066,0.75204,0.798395,0.537741,0.812125,0.77999,0.665718,0.794419,0.796817,0.22982,0.882422,0.773855,0.660345,0.811605
30,1.2000000000000004,0.778419,0.445064,0.913516,0.789226,0.425978,0.820283,0.778425,0.423279,0.807738,0.750925,0.526777,0.845823,0.717169,0.635711,0.726443,0.806049,0.665667,0.841811,0.714161,0.641097,0.767236,0.740206,0.638433,0.855849,0.801401,0.428677,0.765519,0.793791,0.545841,0.798215,0.778544,0.665823,0.843723,0.790656,0.229944,0.923809,0.773846,0.66294,0.872152
31,1.2400000000000004,0.76773,0.445056,0.887219,0.783036,0.42879,0.739928,0.773898,0.426096,0.725117,0.741736,0.529566,0.860989,0.694293,0.622154,0.659086,0.806062,0.665642,0.829868,0.692694,0.624905,0.687562,0.71873,0.633042,0.798026,0.790803,0.434138,0.736838,0.792277,0.551284,0.832418,0.780043,0.665816,0.828404,0.781519,0.232562,0.841676,0.775355,0.662902,0.841537
32,1.2800000000000005,0.758557,0.447685,0.846451,0.776914,0.434132,0.777836,0.766167,0.431405,0.728581,0.737098,0.5349,0.803222,0.678951,0.616646,0.696499,0.807557,0.663114,0.813952,0.675877,0.619322,0.71014,0.703422,0.630362,0.805506,0.787627,0.436859,0.728675,0.790687,0.551258,0.861347,0.780038,0.66586,0.811721,0.775366,0.237969,0.838345,0.775347,0.662933,0.826089
33,1.3200000000000005,0.75084,0.45051,0.848507,0.766271,0.442303,0.785089,0.755555,0.439582,0.707945,0.727857,0.535036,0.797324,0.668178,0.613922,0.723484,0.806074,0.663043,0.830787,0.665134,0.616639,0.742914,0.691195,0.633037,0.819341,0.778404,0.444976,0.778587,0.787613,0.553939,0.850329,0.780026,0.665871,0.829259,0.766227,0.246128,0.908202,0.773888,0.662958,0.852347
34,1.3600000000000005,0.741664,0.453278,0.865796,0.758547,0.44226,0.714708,0.752419,0.439571,0.651467,0.717249,0.534891,0.630655,0.660576,0.622096,0.523944,0.804559,0.660348,0.680708,0.657508,0.622164,0.569537,0.686557,0.638519,0.543643,0.764723,0.442345,0.734424,0.778518,0.551367,0.701224,0.778459,0.668441,0.767063,0.755516,0.248734,0.893396,0.772359,0.663031,0.770894
35,1.4000000000000006,0.732507,0.458636,0.815062,0.750911,0.442277,0.713042,0.746318,0.439549,0.566578,0.708,0.537643,0.459799,0.656018,0.635731,0.331646,0.680531,0.660298,0.536543,0.654436,0.638429,0.345415,0.680518,0.641315,0.432896,0.752449,0.442353,0.713321,0.706534,0.537758,0.469941,0.655998,0.64402,0.593918,0.747837,0.246158,0.850071,0.654392,0.638491,0.574888
36,1.4400000000000006,0.729395,0.455946,0.846104,0.738609,0.445019,0.791216,0.726388,0.442319,0.745767,0.698811,0.540443,0.785274,0.654412,0.643934,0.798267,0.804481,0.646642,0.805858,0.652871,0.649376,0.749538,0.678991,0.643977,0.892053,0.749373,0.44768,0.742043,0.7646,0.553901,0.858187,0.778544,0.671191,0.779605,0.740157,0.246101,0.882103,0.769288,0.665841,0.824513
37,1.4800000000000006,0.723361,0.453237,0.805119,0.727885,0.442231,0.779434,0.71572,0.436848,0.76643,0.691176,0.537682,0.868312,0.654404,0.64665,0.754707,0.80142,0.6385,0.84403,0.652882,0.654864,0.739569,0.678927,0.64399,0.874782,0.73864,0.444925,0.738303,0.747836,0.551307,0.844922,0.778504,0.668428,0.822116,0.727992,0.237949,0.846151,0.767798,0.665858,0.83407
38,1.5200000000000007,0.717287,0.450568,0.874429,0.718742,0.434201,0.776473,0.709573,0.431411,0.754647,0.683516,0.537694,0.826851,0.65436,0.649421,0.75579,0.790716,0.622277,0.825394,0.652884,0.660267,0.79477,0.678889,0.643964,0.887029,0.729431,0.439565,0.791894,0.731032,0.553975,0.870872,0.775434,0.663133,0.837475,0.718804,0.232563,0.852588,0.766174,0.665769,0.855559
39,1.5600000000000007,0.715684,0.450481,0.901176,0.709577,0.436921,0.750062,0.703354,0.43146,0.764931,0.680409,0.540438,0.864123,0.654356,0.652175,0.741168,0.778422,0.616726,0.845522,0.652864,0.662896,0.797053,0.678859,0.644041,0.868141,0.717288,0.44229,0.782209,0.717296,0.554143,0.914818,0.766195,0.65761,0.7861,0.71411,0.229813,0.901044,0.75554,0.663031,0.81343
40,1.6000000000000008,0.712623,0.447773,0.869005,0.703352,0.428775,0.764591,0.692707,0.428671,0.785915,0.678889,0.535076,0.868761,0.654377,0.65486,0.746665,0.763149,0.616635,0.788739,0.652871,0.662929,0.800588,0.677427,0.64406,0.853701,0.708048,0.434159,0.727847,0.703484,0.553956,0.909797,0.749365,0.660316,0.771847,0.703484,0.227178,0.933562,0.740138,0.66313,0.834403
41,1.6400000000000008,0.705037,0.444988,0.901622,0.692729,0.426091,0.790704,0.686557,0.425973,0.747575,0.677386,0.543107,0.768115,0.654416,0.657548,0.727119,0.743229,0.619488,0.783099,0.652887,0.662921,0.795319,0.677405,0.646629,0.822397,0.701909,0.428776,0.755555,0.685041,0.545898,0.761239,0.726412,0.663069,0.789363,0.695757,0.22702,0.891554,0.717243,0.665744,0.841092
42,1.6800000000000008,0.704919,0.444921,0.910372,0.686557,0.426022,0.744932,0.678957,0.425888,0.778005,0.671246,0.537758,0.8121,0.654375,0.654858,0.732618,0.726404,0.624894,0.756374,0.649855,0.66288,0.806433,0.675874,0.644031,0.827629,0.692693,0.428762,0.788684,0.674347,0.537769,0.798539,0.703393,0.663143,0.812017,0.689657,0.227005,0.909608,0.694213,0.665666,0.845133
43,1.7200000000000009,0.700352,0.442283,0.83039,0.678917,0.425978,0.807004,0.6698,0.423352,0.74733,0.671299,0.537676,0.774624,0.654454,0.646666,0.594745,0.697301,0.646715,0.751857,0.654352,0.652152,0.648658,0.678962,0.641132,0.740152,0.682051,0.4287,0.751647,0.662076,0.535001,0.836029,0.668257,0.663135,0.668012,0.680503,0.22435,0.888699,0.662061,0.660356,0.673578
44,1.760000000000001,0.694243,0.44232,0.880564,0.672781,0.423194,0.741841,0.66815,0.420528,0.74364,0.66828,0.534995,0.824023,0.651329,0.660243,0.271395,0.67742,0.65756,0.689214,0.651348,0.663053,0.297834,0.678851,0.644001,0.792154,0.678923,0.423332,0.768181,0.654375,0.53226,0.875914,0.654371,0.67121,0.739156,0.674357,0.224323,0.850881,0.643726,0.665842,0.776634
45,1.800000000000001,0.691138,0.442285,0.849584,0.666663,0.42879,0.754287,0.665109,0.428737,0.67045,0.668237,0.543168,0.837697,0.660531,0.654831,0.19663,0.651371,0.660271,0.717043,0.655964,0.66294,0.341024,0.678837,0.646631,0.847433,0.668187,0.434155,0.728782,0.64065,0.53486,0.863265,0.628387,0.668551,0.841799,0.666637,0.226916,0.909599,0.619223,0.665784,0.797033
46,1.840000000000001,0.681993,0.445056,0.893323,0.657534,0.428721,0.742251,0.655916,0.426074,0.730771,0.666653,0.540385,0.826845,0.654352,0.654828,0.735473,0.626856,0.668505,0.789582,0.649816,0.660352,0.844468,0.677371,0.64408,0.833524,0.663624,0.431449,0.718988,0.629992,0.534944,0.895224,0.600805,0.668427,0.848092,0.657472,0.227031,0.917214,0.593212,0.662902,0.820594
47,1.880000000000001,0.677398,0.44767,0.87327,0.651328,0.442302,0.74767,0.645242,0.439601,0.697695,0.662091,0.553899,0.810527,0.654437,0.657505,0.773868,0.599276,0.665817,0.750691,0.651358,0.662886,0.836012,0.677394,0.644048,0.837498,0.654393,0.444948,0.764569,0.620778,0.54315,0.807051,0.576322,0.657555,0.758723,0.649806,0.227125,0.900694,0.570206,0.643922,0.770003
48,1.920000000000001,0.668245,0.447932,0.880958,0.643662,0.445142,0.805939,0.642134,0.445115,0.710246,0.657506,0.556705,0.864185,0.654417,0.660237,0.8108,0.580973,0.665699,0.813742,0.651359,0.663009,0.86767,0.677401,0.644055,0.844159,0.645216,0.447768,0.766607,0.614624,0.553962,0.82612,0.557984,0.643977,0.835169,0.642145,0.229906,0.924311,0.556346,0.638413,0.782407
49,1.960000000000001,0.65748,0.453219,0.834583,0.63297,0.442367,0.773287,0.62996,0.442315,0.729975,0.65436,0.554028,0.876216,0.65441,0.660269,0.790715,0.570152,0.66575,0.810082,0.651348,0.663033,0.840876,0.677356,0.644007,0.831013,0.637587,0.445027,0.752729,0.6054,0.548637,0.834942,0.545737,0.643861,0.843242,0.63151,0.235243,0.862636,0.544142,0.633075,0.779302
50,2.000000000000001,0.64528,0.461394,0.826584,0.623828,0.445103,0.736538,0.622291,0.445,0.668453,0.6468,0.556706,0.825608,0.654381,0.660341,0.777985,0.567148,0.665883,0.762239,0.649845,0.66311,0.839305,0.677338,0.64397,0.831916,0.626828,0.447772,0.725184,0.593175,0.551227,0.863347,0.542592,0.652112,0.801914,0.620774,0.235232,0.836754,0.534993,0.641244,0.844185
51,2.040000000000001,0.633002,0.464144,0.832694,0.616089,0.444952,0.746124,0.614592,0.442331,0.653975,0.640607,0.553964,0.850963,0.652894,0.662946,0.790985,0.565601,0.668445,0.748274,0.6483,0.665673,0.874049,0.669794,0.641084,0.821446,0.616117,0.445057,0.750372,0.582499,0.543104,0.847122,0.536503,0.662919,0.824789,0.611553,0.235318,0.812333,0.531909,0.649373,0.784576
52,2.080000000000001,0.620743,0.464061,0.836897,0.605339,0.43959,0.749029,0.603857,0.439537,0.652924,0.623812,0.548607,0.803722,0.646783,0.660312,0.74274,0.562543,0.66845,0.763732,0.643761,0.663123,0.849219,0.666614,0.627597,0.833616,0.605381,0.442307,0.755026,0.573284,0.537716,0.834006,0.536497,0.665732,0.859695,0.603857,0.232588,0.83769,0.531862,0.660243,0.822033
53,2.120000000000001,0.608508,0.45869,0.830639,0.593228,0.442374,0.77781,0.59466,0.442321,0.667031,0.607026,0.551287,0.861908,0.645269,0.662979,0.764517,0.562523,0.665858,0.79111,0.643705,0.665757,0.863485,0.655933,0.619419,0.909764,0.59321,0.445031,0.773754,0.568598,0.540428,0.844044,0.534969,0.665897,0.852837,0.593191,0.229949,0.902085,0.53036,0.663026,0.834203
54,2.160000000000001,0.594729,0.458659,0.870882,0.584036,0.439543,0.72452,0.585512,0.434173,0.64309,0.593107,0.548551,0.853191,0.640646,0.663084,0.726678,0.562544,0.665897,0.781613,0.637603,0.665788,0.787648,0.642175,0.613958,0.868135,0.584038,0.442316,0.751183,0.559535,0.537751,0.83144,0.534968,0.668532,0.846386,0.582535,0.229726,0.907582,0.530346,0.663114,0.845128
55,2.200000000000001,0.580978,0.450578,0.875818,0.579401,0.42871,0.734209,0.579389,0.426082,0.640455,0.57782,0.543176,0.7948,0.619175,0.654819,0.739078,0.564056,0.665814,0.807685,0.617719,0.660327,0.840311,0.626881,0.605863,0.80622,0.579411,0.431487,0.756125,0.557988,0.537667,0.861972,0.534989,0.668562,0.822987,0.571771,0.227045,0.891275,0.530353,0.665648,0.845146
56,2.240000000000001,0.568628,0.447861,0.892914,0.570256,0.425903,0.740612,0.571721,0.42326,0.602873,0.561005,0.535093,0.826658,0.596233,0.646631,0.747155,0.562542,0.665775,0.841695,0.594702,0.654856,0.812106,0.60699,0.608512,0.842348,0.570234,0.428654,0.779117,0.556397,0.537659,0.859546,0.535034,0.668577,0.829398,0.567115,0.226927,0.882431,0.530376,0.665653,0.860272
57,2.280000000000001,0.55634,0.447675,0.890786,0.565588,0.423245,0.660204,0.562538,0.42315,0.551022,0.545734,0.534894,0.821892,0.573235,0.64129,0.615231,0.56257,0.663106,0.821899,0.571753,0.646737,0.686121,0.587068,0.619285,0.814235,0.567122,0.425923,0.735418,0.55335,0.535074,0.782197,0.535019,0.668527,0.827374,0.557902,0.224244,0.850653,0.530365,0.665625,0.83992
58,2.320000000000001,0.541121,0.44494,0.837996,0.556471,0.423149,0.741353,0.554858,0.420479,0.631042,0.531935,0.529433,0.857809,0.539569,0.638407,0.305297,0.56407,0.662983,0.825204,0.542609,0.641151,0.365812,0.56562,0.61947,0.825584,0.55803,0.423294,0.775085,0.548774,0.537682,0.795159,0.534984,0.668582,0.829273,0.548783,0.218886,0.795573,0.530351,0.663095,0.868735
59,2.360000000000001,0.524247,0.44226,0.820829,0.547258,0.425932,0.760654,0.544198,0.423271,0.715952,0.521152,0.524098,0.865352,0.519639,0.64114,0.76243,0.562577,0.6631,0.839794,0.518157,0.644025,0.837374,0.539575,0.627608,0.764915,0.55486,0.42606,0.75434,0.545774,0.537755,0.851268,0.536498,0.671198,0.774348,0.542577,0.221567,0.8326,0.530346,0.665703,0.856763
60,2.4000000000000012,0.509025,0.439584,0.860507,0.542598,0.426044,0.761364,0.533487,0.425981,0.756457,0.509016,0.524084,0.866501,0.493588,0.635764,0.712099,0.564087,0.665796,0.859158,0.489017,0.641156,0.793987,0.512017,0.633049,0.794086,0.545728,0.428768,0.766391,0.54569,0.543114,0.869537,0.536499,0.67388,0.784853,0.531954,0.22429,0.859635,0.530371,0.665725,0.892432
61,2.4400000000000013,0.499756,0.431439,0.83765,0.533437,0.425912,0.728461,0.531912,0.423316,0.673719,0.504371,0.524025,0.801238,0.467579,0.622212,0.728274,0.564087,0.665811,0.813376,0.461495,0.62497,0.758294,0.490553,0.635733,0.766432,0.533522,0.425955,0.73368,0.544176,0.545831,0.821244,0.534985,0.673886,0.798095,0.522723,0.226914,0.888486,0.528848,0.665741,0.859602
62,2.4800000000000013,0.485985,0.43418,0.831047,0.52731,0.425972,0.702178,0.528842,0.42331,0.601642,0.544081,0.548582,0.454843,0.531926,0.665634,0.375891,0.562523,0.665686,0.531661,0.530323,0.665805,0.391741,0.556485,0.65218,0.452869,0.524278,0.426062,0.697945,0.542655,0.548576,0.452092,0.533413,0.67396,0.526083,0.518078,0.22702,0.890777,0.528841,0.665819,0.585209
63,2.5200000000000014,0.473771,0.439622,0.829714,0.521156,0.436847,0.714957,0.522763,0.43146,0.611361,0.536502,0.551326,0.597838,0.531896,0.665733,0.548159,0.455327,0.644045,0.608981,0.528843,0.668432,0.563903,0.557882,0.649423,0.571561,0.5196,0.439583,0.665932,0.485988,0.535034,0.553815,0.432398,0.619455,0.643707,0.50738,0.229697,0.91226,0.429328,0.605861,0.559819
64,2.5600000000000014,0.467606,0.442248,0.823338,0.509016,0.4423,0.673492,0.510467,0.439637,0.574192,0.476777,0.537741,0.547782,0.423142,0.616605,0.546381,0.562552,0.663138,0.587315,0.420146,0.616612,0.569992,0.446175,0.638413,0.626975,0.509,0.44494,0.68871,0.533411,0.55401,0.562442,0.533442,0.676596,0.598146,0.496687,0.2299,0.875871,0.530317,0.665815,0.655499
65,2.6000000000000014,0.459894,0.445004,0.916908,0.498213,0.444947,0.722944,0.49518,0.442356,0.675348,0.46761,0.537693,0.81253,0.420086,0.62489,0.731027,0.562562,0.662971,0.817467,0.413976,0.627666,0.750389,0.44456,0.641257,0.848926,0.504316,0.445022,0.710848,0.527299,0.553958,0.819576,0.5365,0.67126,0.767711,0.487508,0.232635,0.813449,0.528871,0.665785,0.830658
66,2.6400000000000015,0.452261,0.445171,0.864261,0.489026,0.44225,0.67878,0.484482,0.442251,0.628515,0.458428,0.535026,0.875285,0.412462,0.641122,0.775096,0.56099,0.657533,0.774614,0.409443,0.641342,0.830053,0.435515,0.643965,0.856531,0.493589,0.442362,0.698076,0.519628,0.551338,0.818615,0.534964,0.673905,0.761987,0.481373,0.232561,0.865711,0.525798,0.665904,0.795283
67,2.6800000000000015,0.447721,0.445159,0.915214,0.479865,0.431482,0.674688,0.479841,0.428764,0.588085,0.447751,0.535044,0.774549,0.409344,0.64669,0.64052,0.557949,0.646687,0.68213,0.406343,0.652145,0.66071,0.435388,0.643951,0.751875,0.481334,0.4369,0.679612,0.507332,0.548583,0.667073,0.533394,0.679356,0.715682,0.470591,0.229866,0.895804,0.524238,0.67125,0.704652
68,2.7200000000000015,0.446109,0.44786,0.910193,0.470682,0.436915,0.752116,0.473725,0.436845,0.62487,0.493589,0.554013,0.566767,0.524283,0.668451,0.473425,0.435445,0.657626,0.511346,0.522723,0.676679,0.532987,0.539572,0.630314,0.563775,0.467619,0.439596,0.696809,0.44306,0.535066,0.493875,0.410879,0.663016,0.576943,0.459956,0.229775,0.911715,0.406322,0.654846,0.548598
69,2.7600000000000016,0.444567,0.447776,0.872317,0.461462,0.42879,0.720276,0.469072,0.428682,0.652039,0.475229,0.554087,0.570661,0.522741,0.668565,0.55457,0.435519,0.660261,0.574451,0.521154,0.679329,0.631039,0.527346,0.62211,0.639393,0.458433,0.434158,0.735796,0.435377,0.537713,0.557818,0.410881,0.663104,0.700231,0.449235,0.227167,0.905134,0.40482,0.65761,0.642206
70,2.8000000000000016,0.438525,0.447692,0.876522,0.455305,0.42603,0.698727,0.453811,0.425932,0.633932,0.432369,0.532298,0.845396,0.40937,0.65757,0.782457,0.524277,0.616642,0.762532,0.40783,0.662974,0.838571,0.433858,0.644041,0.845614,0.455371,0.431383,0.727279,0.45839,0.554028,0.875436,0.508988,0.663029,0.795955,0.444598,0.227115,0.91803,0.505835,0.665796,0.771723
71,2.8400000000000016,0.435418,0.445148,0.926171,0.446215,0.423261,0.76851,0.449205,0.423235,0.664351,0.429282,0.535033,0.77578,0.409387,0.657605,0.762549,0.507376,0.619293,0.7927,0.406365,0.662967,0.823253,0.432405,0.644032,0.82891,0.44608,0.42589,0.747863,0.435459,0.540436,0.748236,0.493585,0.662925,0.752943,0.435376,0.226933,0.892172,0.48297,0.665731,0.807434
72,2.8800000000000017,0.433867,0.444954,0.911198,0.438522,0.423207,0.739624,0.444592,0.420497,0.657134,0.424714,0.540404,0.803763,0.409379,0.657612,0.776432,0.487491,0.622112,0.801484,0.40632,0.662985,0.851219,0.432367,0.644061,0.83473,0.435497,0.425929,0.762263,0.424747,0.545881,0.800946,0.470596,0.665743,0.797214,0.424717,0.221593,0.839526,0.45999,0.66844,0.818153
73,2.9200000000000017,0.424773,0.444897,0.886461,0.433849,0.42053,0.771196,0.435477,0.420459,0.655036,0.423218,0.535078,0.819843,0.409424,0.657548,0.793705,0.469105,0.633101,0.737156,0.407833,0.662916,0.8901,0.432373,0.643925,0.866733,0.429279,0.42321,0.742759,0.412446,0.535075,0.858632,0.446171,0.665682,0.761335,0.418618,0.221607,0.842467,0.440007,0.665708,0.724527
74,2.9600000000000017,0.423208,0.444989,0.968274,0.424708,0.420522,0.768932,0.433865,0.417779,0.72635,0.423211,0.537702,0.867438,0.409385,0.654842,0.558054,0.441563,0.644016,0.617244,0.407826,0.66028,0.615179,0.433828,0.644005,0.807867,0.420137,0.423257,0.77236,0.39871,0.535003,0.907394,0.418568,0.665665,0.603344,0.410904,0.218902,0.851923,0.410905,0.663021,0.652727
75,3.0000000000000018,0.42008,0.444968,0.895228,0.420121,0.423169,0.773714,0.424742,0.420531,0.697973,0.423121,0.537751,0.843472,0,0,0,0.421611,0.660245,0.741284,0,0,0,0.433874,0.644066,0.864007,0.410955,0.423321,0.757909,0.386507,0.532288,0.905836,0.389484,0.676594,0.806267,0.400279,0.218925,0.815236,0.383371,0.668504,0.79121
76,3.040000000000002,0.410976,0.444995,0.949839,0.410997,0.423245,0.772011,0.421605,0.420552,0.734252,0.421646,0.540449,0.830973,0.410943,0.654884,0.59476,0.392583,0.665693,0.806092,0.40789,0.66291,0.724609,0.432392,0.644077,0.844394,0.406351,0.42595,0.737356,0.378766,0.534929,0.859264,0.364998,0.67124,0.81617,0.395598,0.221632,0.851835,0.358874,0.665801,0.776015
77,3.080000000000002,0.406326,0.447685,0.879959,0.406334,0.423181,0.778659,0.410984,0.420481,0.720832,0.414039,0.537714,0.795905,0.409399,0.657575,0.770679,0.369608,0.665837,0.768311,0.403298,0.662917,0.843797,0.433845,0.644059,0.856635,0.39864,0.425914,0.794304,0.372656,0.534942,0.920647,0.342029,0.665776,0.812532,0.386424,0.224405,0.897901,0.335897,0.660259,0.763121
78,3.120000000000002,0.397168,0.447801,0.913698,0.398628,0.425966,0.788492,0.407815,0.423252,0.721331,0.412456,0.545862,0.813074,0.40942,0.65758,0.763778,0.349616,0.665645,0.831072,0.404832,0.662914,0.826776,0.432373,0.644034,0.839561,0.389528,0.42873,0.718543,0.36503,0.535064,0.833678,0.323653,0.649415,0.822888,0.375749,0.227128,0.901997,0.316013,0.641232,0.813663
79,3.160000000000002,0.389473,0.450598,0.837703,0.389495,0.428677,0.728534,0.394068,0.425913,0.639789,0.360414,0.53503,0.642858,0.302218,0.633044,0.544239,0.436974,0.660246,0.657115,0.300659,0.635799,0.593345,0.334318,0.643911,0.615083,0.386506,0.434126,0.740415,0.409344,0.545858,0.666426,0.410876,0.665699,0.763326,0.371133,0.229708,0.918739,0.406304,0.66032,0.735154
80,3.200000000000002,0.383351,0.458651,0.834813,0.383388,0.42879,0.775074,0.388019,0.426031,0.714841,0.401739,0.548587,0.783871,0.409344,0.660277,0.751056,0.323679,0.663111,0.818612,0.403303,0.663036,0.812951,0.432323,0.643988,0.822101,0.374188,0.436887,0.74391,0.349654,0.540432,0.842757,0.299081,0.641284,0.844769,0.36041,0.232546,0.891379,0.291482,0.627652,0.744994
81,3.240000000000002,0.372616,0.46143,0.85036,0.372707,0.428783,0.781468,0.380333,0.426009,0.718774,0.397124,0.545889,0.826082,0.409332,0.660215,0.744637,0.323582,0.665689,0.779363,0.403289,0.662998,0.827083,0.43085,0.643936,0.818412,0.36502,0.436872,0.70566,0.338967,0.54044,0.819968,0.296068,0.646721,0.778553,0.34973,0.235299,0.856302,0.288477,0.638537,0.809902
82,3.280000000000002,0.360456,0.461432,0.859229,0.362002,0.431407,0.767804,0.372642,0.426035,0.768264,0.387935,0.545869,0.82805,0.40787,0.660329,0.730191,0.319045,0.665662,0.785316,0.40178,0.663066,0.83082,0.426224,0.641211,0.816219,0.355807,0.43959,0.715032,0.332833,0.540465,0.796924,0.289966,0.654893,0.807067,0.345069,0.235232,0.83261,0.286876,0.643956,0.851857
83,3.320000000000002,0.349662,0.461427,0.867844,0.352726,0.428731,0.764197,0.36193,0.425968,0.778708,0.374189,0.540469,0.859529,0.40479,0.662888,0.71104,0.317505,0.665725,0.779873,0.400207,0.663108,0.842703,0.42162,0.630305,0.820765,0.345074,0.436852,0.714975,0.323635,0.540376,0.858191,0.28841,0.662986,0.881342,0.335831,0.232622,0.867877,0.283849,0.654797,0.760927
84,3.360000000000002,0.337459,0.46134,0.864444,0.345062,0.42606,0.76354,0.349757,0.423333,0.755757,0.360453,0.545823,0.852689,0.400274,0.662983,0.754867,0.317519,0.66574,0.793954,0.398662,0.665715,0.870998,0.41095,0.622051,0.867534,0.335905,0.431456,0.742719,0.314433,0.540418,0.82965,0.288429,0.665667,0.891169,0.325144,0.229944,0.865364,0.283844,0.660276,0.798287
85,3.400000000000002,0.325197,0.453289,0.869089,0.335867,0.426052,0.78562,0.343546,0.425896,0.712473,0.348089,0.543178,0.846203,0.398653,0.662917,0.796626,0.316026,0.665721,0.811924,0.397167,0.663113,0.886949,0.398712,0.611289,0.84847,0.325243,0.431415,0.741437,0.311393,0.543124,0.842616,0.289929,0.66571,0.88726,0.314483,0.229797,0.890163,0.285366,0.660314,0.816479
86,3.440000000000002,0.312897,0.453215,0.865323,0.328276,0.423339,0.738218,0.337409,0.423246,0.732901,0.332853,0.53768,0.840789,0.381853,0.657574,0.627893,0.317509,0.665688,0.824691,0.378754,0.662972,0.720795,0.386373,0.603098,0.872937,0.323607,0.426011,0.734637,0.309863,0.540376,0.785303,0.28849,0.665712,0.880954,0.309864,0.227135,0.902057,0.285341,0.660323,0.811109
87,3.480000000000002,0.300683,0.450452,0.854974,0.323648,0.42053,0.751436,0.33282,0.420445,0.664386,0.322103,0.535081,0.857407,0.361911,0.64671,0.771334,0.317497,0.665677,0.837548,0.360413,0.654867,0.81563,0.371117,0.605775,0.834947,0.314488,0.423188,0.723863,0.305277,0.537707,0.792349,0.289937,0.66578,0.86023,0.300645,0.227066,0.909658,0.285317,0.66288,0.814988
88,3.5200000000000022,0.288358,0.44773,0.883021,0.314513,0.415075,0.706626,0.323694,0.415099,0.702355,0.309833,0.532285,0.848522,0.337441,0.643923,0.72893,0.317526,0.663126,0.83347,0.335907,0.649422,0.813566,0.349749,0.608571,0.825054,0.311323,0.415107,0.721422,0.300745,0.534988,0.841628,0.288477,0.665799,0.884425,0.291526,0.224365,0.834578,0.283851,0.662906,0.822585
89,3.5600000000000023,0.274708,0.442315,0.906104,0.311336,0.417757,0.755488,0.319065,0.415073,0.679337,0.294573,0.526818,0.780187,0.323646,0.641107,0.288441,0.315985,0.662957,0.806859,0.322124,0.644051,0.353454,0.334386,0.619452,0.881985,0.300698,0.420445,0.760979,0.299155,0.534868,0.85647,0.288486,0.665858,0.870416,0.286886,0.224355,0.872101,0.285305,0.662977,0.846292
90,3.6000000000000023,0.263919,0.442362,0.912912,0.300756,0.417774,0.737848,0.311368,0.415062,0.704324,0.285375,0.521365,0.72853,0.288393,0.646627,0.403833,0.31908,0.662887,0.730243,0.286864,0.649446,0.437574,0.31144,0.63031,0.676865,0.296103,0.420442,0.721892,0.291497,0.53214,0.744518,0.289985,0.66576,0.732613,0.276258,0.224331,0.844472,0.285358,0.662905,0.768621
91,3.6400000000000023,0.253208,0.444887,0.908124,0.299068,0.417812,0.741833,0.305267,0.415063,0.662016,0.274636,0.518648,0.859069,0.274579,0.635778,0.724009,0.317545,0.662877,0.816147,0.273046,0.641231,0.84517,0.290012,0.622276,0.777192,0.288457,0.420535,0.744916,0.297567,0.537678,0.776843,0.289973,0.665843,0.79073,0.273062,0.226962,0.849862,0.283813,0.662964,0.849168
92,3.6800000000000024,0.247051,0.442345,0.865991,0.2885,0.420548,0.757243,0.299126,0.417778,0.706045,0.265485,0.524089,0.832476,0.250145,0.627644,0.724883,0.31908,0.663021,0.858984,0.247078,0.635783,0.766082,0.268509,0.627632,0.788096,0.28384,0.42326,0.729173,0.291488,0.537696,0.817931,0.291498,0.665906,0.814722,0.263934,0.226974,0.878859,0.285381,0.663077,0.896527
93,3.7200000000000024,0.237876,0.442293,0.90075,0.283849,0.423146,0.730639,0.289997,0.417841,0.681573,0.262402,0.526791,0.862416,0.227239,0.622095,0.729171,0.319075,0.663055,0.83792,0.225629,0.62227,0.779329,0.250179,0.630288,0.828562,0.276113,0.423293,0.737249,0.289939,0.537702,0.815028,0.289995,0.665875,0.822478,0.259315,0.227131,0.870091,0.285326,0.663009,0.865824
94,3.7600000000000025,0.228687,0.444974,0.907787,0.276207,0.425975,0.758321,0.286865,0.423249,0.724805,0.254709,0.529478,0.801751,0.213397,0.613992,0.714492,0.320547,0.663032,0.820688,0.210295,0.61668,0.746233,0.236341,0.624985,0.826503,0.268546,0.428706,0.702398,0.288398,0.545831,0.826441,0.292994,0.665878,0.791888,0.250159,0.229779,0.900027,0.285381,0.662996,0.852943
95,3.8000000000000025,0.224118,0.445021,0.896158,0.26853,0.431443,0.695252,0.276203,0.426052,0.685657,0.248607,0.532291,0.803928,0.201134,0.613959,0.720481,0.31906,0.663019,0.830455,0.198033,0.616628,0.746739,0.224113,0.627683,0.813711,0.262394,0.439562,0.710108,0.286837,0.553901,0.833085,0.293025,0.668446,0.805717,0.241004,0.232502,0.845467,0.286819,0.663076,0.861139
96,3.8400000000000025,0.214918,0.447687,0.942046,0.262371,0.428683,0.738571,0.270057,0.425943,0.664181,0.239353,0.532273,0.855092,0.192004,0.619374,0.738568,0.317526,0.662975,0.828235,0.190364,0.619498,0.813955,0.216436,0.633051,0.807445,0.253189,0.431478,0.695843,0.280746,0.553956,0.818557,0.293022,0.668477,0.786814,0.237834,0.235278,0.844977,0.286809,0.663127,0.850692
97,3.8800000000000026,0.211817,0.450478,0.881007,0.251695,0.439578,0.742022,0.260832,0.431465,0.638891,0.227221,0.53235,0.867145,0.188926,0.624931,0.723924,0.316006,0.657588,0.76838,0.185815,0.630314,0.734107,0.213441,0.638512,0.866664,0.248588,0.442331,0.708371,0.274681,0.553972,0.864434,0.293041,0.665898,0.766727,0.227169,0.238029,0.839585,0.285368,0.663131,0.842132
98,3.9200000000000026,0.202724,0.450462,0.897244,0.243988,0.428705,0.704894,0.251664,0.425976,0.698031,0.221012,0.532221,0.834786,0.185833,0.641126,0.733403,0.314458,0.649396,0.805586,0.181211,0.643862,0.783636,0.211878,0.641082,0.846427,0.23785,0.431457,0.719915,0.265505,0.55133,0.811745,0.289999,0.668468,0.779135,0.222585,0.235262,0.809099,0.283807,0.665757,0.801379
99,3.9600000000000026,0.201061,0.447836,0.906898,0.236378,0.428663,0.730001,0.242507,0.426037,0.670089,0.213392,0.529561,0.885227,0.185797,0.641328,0.69394,0.311355,0.641187,0.850946,0.17971,0.644098,0.727851,0.210334,0.641098,0.803727,0.227198,0.428715,0.736414,0.254758,0.551344,0.818573,0.28847,0.665858,0.820097,0.213411,0.232638,0.878189,0.279269,0.665876,0.797112
100,4.000000000000003,0.196564,0.444981,0.860093,0.227109,0.425919,0.769852,0.236307,0.42594,0.702609,0.205766,0.532202,0.8359,0.185798,0.643984,0.709599,0.302179,0.624904,0.811662,0.1797,0.649371,0.743474,0.208816,0.641234,0.818287,0.218011,0.423302,0.741595,0.240932,0.551332,0.852852,0.28689,0.663119,0.848598,0.207256,0.229959,0.836348,0.27622,0.665787,0.848272
101,4.040000000000003,0.190392,0.445151,0.92735,0.221065,0.423226,0.731434,0.227243,0.423251,0.720173,0.202696,0.532248,0.88446,0.182786,0.644051,0.700826,0.291474,0.616607,0.742306,0.178214,0.649457,0.772396,0.208779,0.641302,0.815689,0.213421,0.423263,0.749476,0.225648,0.548572,0.78105,0.279212,0.663046,0.788759,0.2011,0.229836,0.901349,0.274594,0.665866,0.817906
102,4.080000000000003,0.18736,0.447736,0.912612,0.214949,0.417831,0.738861,0.225588,0.420451,0.714415,0.201189,0.532215,0.865295,0.184277,0.644054,0.721158,0.277731,0.605823,0.780049,0.178225,0.649448,0.797742,0.207259,0.641221,0.827474,0.208809,0.420441,0.702091,0.207274,0.537748,0.749025,0.265424,0.660262,0.771154,0.190495,0.229864,0.891197,0.260889,0.665664,0.82643
103,4.120000000000003,0.184276,0.445107,0.862543,0.211844,0.420489,0.744078,0.217979,0.420463,0.689212,0.202615,0.537642,0.847991,0.18427,0.644054,0.750472,0.263912,0.605829,0.807858,0.178219,0.649451,0.823086,0.205752,0.641269,0.853078,0.202652,0.42057,0.751609,0.198093,0.545822,0.737711,0.250102,0.652151,0.78863,0.187365,0.229736,0.888625,0.240985,0.660289,0.798514
104,4.160000000000003,0.178193,0.444996,0.903789,0.202733,0.415052,0.746977,0.213392,0.415048,0.731243,0.201187,0.534931,0.863073,0.184268,0.644034,0.762562,0.250062,0.616722,0.778576,0.178234,0.649383,0.843945,0.205706,0.641245,0.863973,0.19804,0.415084,0.697631,0.187335,0.537674,0.813955,0.227155,0.652164,0.713388,0.17969,0.229714,0.893454,0.224066,0.657581,0.723734
105,4.200000000000003,0.176597,0.444908,0.883659,0.201057,0.41779,0.74672,0.21029,0.415066,0.678676,0.199631,0.532224,0.836213,0.187357,0.64402,0.814456,0.228697,0.619466,0.724042,0.182782,0.649421,0.801531,0.204253,0.641257,0.820015,0.190378,0.420482,0.75965,0.176628,0.534942,0.89708,0.213369,0.646647,0.580346,0.176588,0.227079,0.905728,0.205752,0.646778,0.508926
106,4.240000000000003,0.173563,0.444955,0.84172,0.191995,0.417814,0.727918,0.202682,0.417748,0.733625,0.199551,0.532289,0.837163,0.184318,0.646762,0.314412,0.213313,0.646641,0.767161,0.184288,0.65481,0.347264,0.211825,0.641171,0.82256,0.185791,0.420528,0.699908,0.165864,0.534931,0.90568,0.188878,0.66305,0.774182,0.165973,0.227044,0.887167,0.181219,0.660295,0.753618
107,4.280000000000003,0.165967,0.445051,0.922844,0.188882,0.420484,0.75708,0.199592,0.417775,0.693057,0.193455,0.532219,0.844944,0,0,0,0.191954,0.646736,0.769185,0.190424,0.64944,0.145165,0.208785,0.638546,0.823072,0.178178,0.423165,0.750359,0.155191,0.532329,0.899649,0.16746,0.665669,0.866147,0.162879,0.227046,0.897558,0.162866,0.66294,0.828224
108,4.320000000000003,0.164304,0.445063,0.869513,0.184278,0.42055,0.707827,0.19347,0.420447,0.684263,0.190462,0.532248,0.864939,0.188945,0.643835,0.551018,0.17358,0.66026,0.784653,0.187351,0.64666,0.601787,0.205764,0.641192,0.836816,0.175077,0.423249,0.697909,0.152109,0.532356,0.924117,0.145995,0.665669,0.850054,0.153745,0.227171,0.876889,0.139876,0.66288,0.771112
109,4.360000000000003,0.155211,0.445138,0.882975,0.178196,0.423313,0.757326,0.188947,0.423158,0.743132,0.190362,0.534924,0.878949,0.184284,0.644041,0.695815,0.15523,0.662995,0.774985,0.17815,0.649439,0.804838,0.207233,0.641235,0.834732,0.16746,0.426023,0.724718,0.146,0.534916,0.846008,0.127657,0.663125,0.890618,0.150609,0.227179,0.892548,0.119995,0.657597,0.758104
110,4.400000000000003,0.152121,0.447807,0.880827,0.175046,0.423232,0.729067,0.184302,0.420501,0.680413,0.188841,0.535032,0.862428,0.184308,0.644064,0.717534,0.139864,0.662964,0.76125,0.178211,0.65208,0.775098,0.20575,0.64119,0.834524,0.164308,0.425959,0.72255,0.141415,0.5377,0.865914,0.109225,0.660217,0.801427,0.141493,0.229859,0.893636,0.103159,0.646653,0.82498
111,4.440000000000003,0.144451,0.450547,0.849752,0.165953,0.425975,0.751431,0.178123,0.423196,0.738615,0.185797,0.537683,0.809025,0.184304,0.644093,0.688175,0.12763,0.660286,0.807545,0.178221,0.652097,0.764814,0.205731,0.641195,0.834161,0.155218,0.428778,0.699694,0.139803,0.540379,0.81762,0.101579,0.644041,0.826185,0.138372,0.22992,0.868487,0.0939542,0.63849,0.797455
112,4.480000000000003,0.139803,0.453231,0.832057,0.164311,0.425987,0.741302,0.175111,0.423297,0.730679,0.17825,0.537768,0.826408,0.184295,0.646634,0.684631,0.116963,0.660347,0.799748,0.178217,0.652143,0.755394,0.204246,0.641112,0.829268,0.152103,0.428729,0.700763,0.132204,0.543128,0.772894,0.0908236,0.641227,0.871936,0.129183,0.232535,0.874242,0.0817251,0.627613,0.772696
113,4.520000000000003,0.129244,0.456004,0.867769,0.153726,0.428668,0.728822,0.165942,0.423328,0.734365,0.176613,0.537707,0.868928,0.184284,0.646671,0.690572,0.116977,0.660282,0.809674,0.17822,0.654804,0.766096,0.204211,0.641146,0.840922,0.14292,0.431477,0.691735,0.127598,0.548577,0.83665,0.0908893,0.6441,0.889517,0.126102,0.232621,0.848212,0.0862793,0.641117,0.840483
114,4.560000000000003,0.123033,0.455984,0.804143,0.150615,0.428693,0.723312,0.164295,0.425987,0.742276,0.167489,0.535095,0.838281,0.182779,0.646715,0.687073,0.116928,0.663017,0.792663,0.178201,0.654874,0.778965,0.202718,0.638436,0.843484,0.138357,0.431441,0.684085,0.121496,0.545901,0.780937,0.0908076,0.654845,0.84175,0.115446,0.235225,0.865873,0.083216,0.643963,0.861997
115,4.600000000000003,0.115293,0.458626,0.824414,0.141364,0.428726,0.720231,0.153636,0.42595,0.727369,0.164319,0.535021,0.880611,0.181249,0.646734,0.683202,0.116885,0.663013,0.793955,0.178175,0.654849,0.784488,0.201157,0.633079,0.831303,0.127669,0.43416,0.696269,0.115435,0.551303,0.846284,0.0878183,0.660344,0.833299,0.113856,0.235263,0.850019,0.081664,0.649372,0.807539
116,4.640000000000003,0.104604,0.450582,0.894213,0.133738,0.425952,0.692092,0.146033,0.423263,0.691187,0.153668,0.535116,0.876608,0.18125,0.646753,0.684699,0.116862,0.662986,0.802778,0.178179,0.654886,0.805548,0.199564,0.624863,0.815575,0.119994,0.428671,0.678351,0.112335,0.553914,0.819673,0.0878121,0.66294,0.843658,0.10463,0.232522,0.89783,0.0802123,0.652129,0.799001
117,4.680000000000003,0.0939249,0.450562,0.85478,0.127686,0.425986,0.743686,0.141385,0.423318,0.744085,0.144496,0.535071,0.849279,0.18121,0.646753,0.733114,0.116878,0.662953,0.784861,0.178161,0.654888,0.848684,0.19196,0.619527,0.843596,0.115329,0.428678,0.713968,0.106162,0.553944,0.845886,0.0878315,0.662977,0.848845,0.101563,0.229938,0.874862,0.0816713,0.654822,0.787189
118,4.720000000000003,0.0862813,0.447894,0.858744,0.121507,0.423314,0.702772,0.136793,0.423225,0.710818,0.136843,0.534877,0.880635,0.178235,0.64677,0.771877,0.116878,0.66293,0.796789,0.176685,0.657524,0.848366,0.188834,0.614004,0.847084,0.107729,0.425994,0.701469,0.104651,0.548573,0.830261,0.0892898,0.662982,0.842576,0.092441,0.229961,0.903999,0.0816744,0.654838,0.794326
119,4.760000000000003,0.0785499,0.447796,0.904781,0.116866,0.425961,0.784464,0.129165,0.425903,0.773328,0.129094,0.534902,0.917244,0.176598,0.646674,0.766378,0.116871,0.662879,0.791283,0.175037,0.652148,0.797893,0.178184,0.603082,0.859587,0.10312,0.426047,0.747303,0.103161,0.545817,0.813396,0.0893261,0.662998,0.834867,0.0893639,0.229852,0.892253,0.0817042,0.657501,0.76642
120,4.800000000000003,0.0678897,0.445143,0.921327,0.113874,0.425962,0.739214,0.127599,0.423323,0.75697,0.124559,0.53486,0.874228,0.165893,0.644029,0.77846,0.116887,0.660332,0.789183,0.164334,0.649384,0.824098,0.17049,0.60314,0.810311,0.100069,0.428671,0.706171,0.103088,0.543155,0.794325,0.0893242,0.663014,0.829488,0.0817505,0.229898,0.87088,0.0816853,0.65753,0.767316
121,4.840000000000003,0.0587208,0.445044,0.883239,0.107726,0.423328,0.734895,0.123022,0.423264,0.721266,0.116925,0.534877,0.914795,0.153664,0.643867,0.715788,0.116899,0.660264,0.796018,0.152075,0.646642,0.77871,0.164311,0.608557,0.831126,0.0939332,0.425985,0.730948,0.101594,0.545831,0.788035,0.0893227,0.663016,0.849316,0.0800923,0.229758,0.927289,0.0816791,0.657525,0.790399
122,4.8800000000000034,0.0541041,0.436877,0.873196,0.104712,0.426014,0.778781,0.118431,0.42595,0.759707,0.115354,0.532346,0.906591,0.141385,0.643875,0.750014,0.11692,0.660278,0.794881,0.138364,0.646732,0.838145,0.153644,0.616663,0.869219,0.0923856,0.428727,0.742518,0.100019,0.545829,0.775723,0.0893366,0.662985,0.854509,0.0785514,0.229833,0.918952,0.0816928,0.654868,0.771035
123,4.9200000000000035,0.0464862,0.439616,0.845862,0.103158,0.425955,0.780723,0.116853,0.423284,0.772862,0.107752,0.532227,0.853749,0.132246,0.641272,0.675348,0.116856,0.660195,0.78394,0.130673,0.644056,0.796955,0.142942,0.61929,0.837718,0.0908122,0.428716,0.74728,0.0970041,0.540421,0.77935,0.0893624,0.66298,0.879596,0.0740442,0.229809,0.875943,0.0817209,0.654868,0.780445
124,4.9600000000000035,0.0433625,0.431463,0.877288,0.10158,0.423169,0.739644,0.115314,0.420527,0.737827,0.104653,0.532179,0.899765,0.127586,0.638444,0.395772,0.115413,0.657518,0.792916,0.124521,0.643859,0.475113,0.138291,0.622111,0.8566,0.0877904,0.423291,0.72643,0.0939436,0.537767,0.815686,0.0893635,0.663005,0.883586,0.0694921,0.2298,0.885281,0.0817267,0.654895,0.785793
125,5.0000000000000036,0.0403608,0.428803,0.870959,0.0969832,0.423157,0.725509,0.11231,0.420529,0.718337,0.103171,0.532131,0.890647,0.107752,0.62224,0.070743,0.116944,0.65487,0.784914,0.107733,0.624995,0.07125,0.127664,0.622272,0.86477,0.0817276,0.423242,0.730282,0.0924785,0.537681,0.842814,0.0908165,0.663043,0.876817,0.0679018,0.229712,0.935523,0.0817206,0.654872,0.808757
126,5.040000000000004,0.0372611,0.431386,0.834442,0.0939424,0.423228,0.76482,0.107721,0.423141,0.729578,0.103043,0.532185,0.858144,0.0924789,0.638466,0.0952817,0.118442,0.652135,0.757751,0.0893568,0.643869,0.128097,0.124525,0.627628,0.779862,0.0802096,0.425897,0.742898,0.0924287,0.537746,0.854497,0.0908845,0.663002,0.845465,0.0663685,0.229679,0.935248,0.0832448,0.654836,0.797781
127,5.080000000000004,0.0342331,0.428785,0.842102,0.0924734,0.423173,0.777472,0.106204,0.420487,0.74305,0.100025,0.532114,0.808017,0.0908355,0.641188,0.156411,0.116977,0.652153,0.739155,0.0893015,0.643976,0.198889,0.118439,0.633021,0.772033,0.0801636,0.423294,0.760588,0.0923662,0.537688,0.8612,0.0908615,0.663064,0.819302,0.0663166,0.2297,0.925276,0.083222,0.657555,0.780961
128,5.120000000000004,0.0342089,0.428789,0.847439,0.0923942,0.423193,0.800581,0.10468,0.420496,0.772657,0.0939869,0.53211,0.818042,0.0907947,0.641244,0.183644,0.116973,0.652183,0.720074,0.0892993,0.644004,0.227487,0.11697,0.633098,0.766684,0.0800972,0.423337,0.77289,0.0908749,0.535059,0.855495,0.0908501,0.663097,0.803593,0.0647828,0.227129,0.8855,0.0832006,0.657607,0.766958
129,5.160000000000004,0.0357623,0.43143,0.831784,0.0923367,0.42315,0.778051,0.104618,0.420453,0.75274,0.0939676,0.53214,0.810382,0.0893584,0.64127,0.194112,0.118415,0.65216,0.714658,0.0892795,0.643989,0.235998,0.116965,0.633083,0.758487,0.0786576,0.4233,0.764338,0.0908857,0.537656,0.842289,0.0908308,0.6631,0.801482,0.0633269,0.227166,0.888585,0.0817265,0.657616,0.772018
130,5.200000000000004,0.0388003,0.434107,0.838759,0.0908606,0.420526,0.760596,0.10313,0.417756,0.73598,0.0939966,0.532143,0.813809,0.0908112,0.641196,0.177568,0.116981,0.652178,0.736255,0.0893007,0.643968,0.220515,0.118417,0.633056,0.762399,0.0785963,0.423282,0.754819,0.0908736,0.535056,0.862086,0.0908431,0.663096,0.81803,0.0633206,0.227187,0.882332,0.0831931,0.657617,0.786478
131,5.240000000000004,0.0403333,0.434205,0.850695,0.0893544,0.420457,0.721103,0.101601,0.415058,0.69647,0.0985147,0.532224,0.804822,0.089384,0.641166,0.162122,0.116944,0.654815,0.745395,0.0892846,0.643919,0.213145,0.118427,0.630364,0.771674,0.0785387,0.423248,0.72684,0.0909264,0.537671,0.859525,0.0908298,0.663099,0.81127,0.0617954,0.227148,0.894917,0.0817228,0.657612,0.786148
132,5.280000000000004,0.0419134,0.434157,0.870301,0.089345,0.417791,0.718086,0.101566,0.412369,0.689044,0.101531,0.532113,0.795664,0.089365,0.641194,0.191803,0.118423,0.652177,0.725533,0.0892744,0.643935,0.230883,0.116991,0.630365,0.774472,0.0785467,0.423177,0.727234,0.0909417,0.535031,0.866859,0.0908281,0.663091,0.824281,0.0617596,0.227178,0.889924,0.0817088,0.657598,0.802636
133,5.320000000000004,0.0434691,0.442217,0.878205,0.0892877,0.417842,0.714519,0.100059,0.415044,0.680647,0.101609,0.529492,0.817292,0.0893824,0.641136,0.178806,0.116922,0.654803,0.753932,0.0892814,0.643894,0.223611,0.118411,0.630312,0.779982,0.0770856,0.423209,0.734559,0.0909142,0.534975,0.876824,0.090807,0.663069,0.820592,0.0602228,0.227141,0.88369,0.0816963,0.65757,0.800204
134,5.360000000000004,0.0495536,0.442275,0.863706,0.0878334,0.417831,0.712372,0.100029,0.415041,0.678105,0.103159,0.529563,0.851112,0.0893724,0.641175,0.186557,0.116942,0.654826,0.729961,0.0892759,0.643932,0.222883,0.118427,0.633047,0.776577,0.077079,0.423188,0.732938,0.0909387,0.535031,0.868717,0.0908139,0.663052,0.811551,0.0587174,0.227167,0.8982,0.0816889,0.657539,0.784623
